resp id,timestamp,university,level of study,original field,Categorised field,self rated knowledge,received phishing,Uni/Inst. email,Personal email,Whatsapp,Facebook/IG,SMS,Telegram,Link clicked,Applicable outcome,Asked password,Device misbehave,Nothing happened,Victim (money lost),Applicable,Reported to IT,Reported to friend/family,Not reported,Reported any,https://www.ug.edu.gh/admissions/apply,https://knust.edu.gh/portal/login,http://ug-edu-gh.login-portal.xyz/student-verify,https://mtn.com.gh/momo/confirm-payment,http://knust-student-login.000webhostapp.com/verify-account,http://mtn-momo-ghana-reward.blogspot.com/free-data-claim,url1 ug apply correct,url2 knust portal correct,url3 fake ug xyz correct,url4 mtn momo correct,url5 fake knust webhost correct,url6 fake mtn blogspot correct,quiz score,https check frequency,Different password,University training,confidence level,AI tool helpful,free text url1,free text url2,free text url3
1,2026-07-13 07:46:13,KNUST,Postgraduate (Msc/MPhil),Computing / IT / Engineering,Computing / IT / Engineering,Intermediate (I understand common threats),"Yes, once or twice",0,1,0,0,0,0,No,0,0,0,0,No,1,0,1,0,1,Legitimate,Legitimate,Phishing,Phishing,Phishing,Phishing,1,1,1,0,1,1,5,Always,Sometimes,"Yes, formal training sessions",Somewhat confident,Very helpful,,,
2,2026-07-13 08:07:34,KNUST,Undergraduate (Year 1-2),Business / Social Sciences,Business / Social Sciences,Intermediate (I understand common threats),"Yes, many times",0,1,0,0,0,0,No,0,0,0,0,No,1,0,0,1,0,Legitimate,Legitimate,Phishing,Phishing,Phishing,Phishing,1,1,1,0,1,1,5,Always,"Yes, always",No / I am not aware of any,Very confident,Very helpful,,,
3,2026-07-13 08:15:27,KNUST,Postgraduate (Msc/MPhil),Business / Social Sciences,Business / Social Sciences,Basic (I have heard of it),"Yes, many times",0,0,1,0,0,0,No,0,0,0,0,No,1,0,1,0,1,Legitimate,Legitimate,Phishing,Phishing,Phishing,Phishing,1,1,1,0,1,1,5,Always,"Yes, always",No / I am not aware of any,Very confident,Very helpful,,,
4,2026-07-13 08:27:33,University of Ghana (UG),Postgraduate (Msc/MPhil),Arts / Humanities,Arts / Humanities,Intermediate (I understand common threats),"Yes, many times",0,1,0,0,0,0,No,0,0,0,0,No,1,0,0,1,0,Legitimate,Legitimate,Not Sure,Phishing,Phishing,Phishing,1,1,0,0,1,1,4,Sometimes,"No, I use the same password",No / I am not aware of any,Somewhat confident,Very helpful,,,
5,2026-07-13 08:36:50,University of Ghana (UG),Postgraduate (Msc/MPhil),Business / Social Sciences,Business / Social Sciences,Intermediate (I understand common threats),"Yes, many times",0,1,0,0,0,0,No,0,0,0,0,No,1,1,0,0,1,Legitimate,Not Sure,Phishing,Phishing,Phishing,Phishing,1,0,1,0,1,1,4,Always,Sometimes,"Yes, through emails or notices only",Very confident,Very helpful,,,
6,2026-07-13 08:43:17,PUG,Postgraduate (Msc/MPhil),Cybersecurity,Computing / IT / Engineering,Advanced (I can protect myself confidently),"Yes, many times",0,0,0,0,1,0,No,0,0,0,0,No,1,0,0,1,0,Legitimate,Legitimate,Phishing,Phishing,Phishing,Phishing,1,1,1,0,1,1,5,Always,"Yes, always","Yes, formal training sessions",Very confident,Very helpful,,,
7,2026-07-13 08:59:32,University of Ghana (UG),PhD,Computing / IT / Engineering,Computing / IT / Engineering,Intermediate (I understand common threats),"Yes, many times",0,1,0,0,0,0,No,0,0,0,0,No,1,0,0,0,0,Legitimate,Legitimate,Phishing,Phishing,Phishing,Phishing,1,1,1,0,1,1,5,Sometimes,Sometimes,"Yes, through emails or notices only",Somewhat confident,Very helpful,,,
8,2026-07-13 09:03:53,"University of Education,Winneba",Undergraduate (Year 1-2),Business / Social Sciences,Business / Social Sciences,Basic (I have heard of it),"No, never",0,0,0,0,0,0,No,0,0,0,0,I am not sure,0,0,0,0,,Not Sure,Not Sure,Not Sure,Not Sure,Not Sure,Not Sure,0,0,0,0,0,0,0,Never,Sometimes,No / I am not aware of any,Somewhat confident,Very helpful,,,
9,2026-07-13 09:06:37,Graduate,Postgraduate (Msc/MPhil),Computing / IT / Engineering,Computing / IT / Engineering,Advanced (I can protect myself confidently),"Yes, many times",0,1,0,0,0,0,No,0,0,0,0,Yes,1,0,0,1,0,Legitimate,Legitimate,Phishing,Legitimate,Legitimate,Phishing,1,1,1,1,0,1,5,Always,"Yes, always",No / I am not aware of any,Very confident,Very helpful,,,
10,2026-07-13 09:16:03,KNUST,Postgraduate (Msc/MPhil),Business / Social Sciences,Business / Social Sciences,Intermediate (I understand common threats),"Yes, many times",0,0,1,0,0,0,No,0,0,0,0,No,1,0,0,1,0,Legitimate,Legitimate,Phishing,Phishing,Phishing,Phishing,1,1,1,0,1,1,5,Sometimes,"Yes, always",No / I am not aware of any,Somewhat confident,Somewhat helpful,,,
11,2026-07-13 09:38:23,University of Ghana (UG),Postgraduate (Msc/MPhil),Arts / Humanities,Arts / Humanities,Intermediate (I understand common threats),"Yes, many times",0,0,0,0,1,0,No,0,0,0,0,Yes,1,0,0,1,0,Legitimate,Not Sure,Not Sure,Not Sure,Not Sure,Not Sure,1,0,0,0,0,0,1,Rarely,Sometimes,"Yes, formal training sessions",Very confident,Very helpful,,,
12,2026-07-13 09:45:11,KNUST,Undergraduate (Year 1-2),Computing / IT / Engineering,Computing / IT / Engineering,None at all,"Yes, many times",1,0,0,0,0,0,Yes,1,0,0,0,Yes,1,1,0,0,1,Legitimate,Legitimate,Phishing,Legitimate,Phishing,Phishing,1,1,1,1,1,1,6,Rarely,Sometimes,"Yes, formal training sessions",Very confident,Very helpful,,,
13,2026-07-13 09:55:33,Takoradi Technical University,Undergraduate (Year 3-4),Computing / IT / Engineering,Computing / IT / Engineering,Intermediate (I understand common threats),"Yes, once or twice",0,0,0,0,1,0,No,0,0,0,0,No,1,0,1,0,1,Not Sure,Not Sure,Not Sure,Not Sure,Not Sure,Not Sure,0,0,0,0,0,0,0,Always,"Yes, always","Yes, through emails or notices only",Very confident,Very helpful,,,
14,2026-07-13 09:56:08,UEW,Postgraduate (Msc/MPhil),Guidance and counselling,Business / Social Sciences,Advanced (I can protect myself confidently),"Yes, once or twice",0,1,0,0,0,0,No,0,0,0,0,No,1,0,0,0,0,Not Sure,Phishing,Phishing,Phishing,Phishing,Not Sure,0,0,1,0,1,0,2,Always,"Yes, always",No / I am not aware of any,Very confident,Very helpful,,,
15,2026-07-13 09:58:48,University of Ghana (UG),Postgraduate (Msc/MPhil),Computing / IT / Engineering,Computing / IT / Engineering,Intermediate (I understand common threats),"Yes, many times",0,0,1,0,0,0,No,0,0,0,0,No,1,1,1,0,1,Legitimate,Legitimate,Phishing,Legitimate,Phishing,Phishing,1,1,1,1,1,1,6,Sometimes,Sometimes,"Yes, formal training sessions",Somewhat confident,Very helpful,,,
16,2026-07-13 10:15:01,UCC,Undergraduate (Year 3-4),Business / Social Sciences,Business / Social Sciences,Intermediate (I understand common threats),"Yes, once or twice",0,0,0,1,0,0,Yes,1,1,0,0,Yes,1,0,1,0,1,Phishing,Legitimate,Phishing,Not Sure,Phishing,Phishing,0,1,1,0,1,1,4,Sometimes,"No, I use the same password","Yes, formal training sessions",Somewhat confident,Very helpful,,,
17,2026-07-13 11:52:38,UHAS,Postgraduate (Msc/MPhil),Health Sciences,Health Sciences,Basic (I have heard of it),"Yes, many times",0,0,1,0,0,0,No,0,0,0,0,Yes,1,0,0,1,0,Not Sure,Not Sure,Phishing,Not Sure,Phishing,Phishing,0,0,1,0,1,1,3,Sometimes,Sometimes,No / I am not aware of any,Not very confident,Very helpful,,,
18,2026-07-13 11:55:59,UCC,Undergraduate (Year 3-4),Business / Social Sciences,Business / Social Sciences,Intermediate (I understand common threats),"Yes, many times",0,1,0,0,0,0,Yes,1,0,1,0,Yes,1,0,1,0,1,Not Sure,Legitimate,Not Sure,Not Sure,Phishing,Not Sure,0,1,0,0,1,0,2,Rarely,Sometimes,"Yes, formal training sessions",Not very confident,Very helpful,,,
19,2026-07-13 12:02:54,UCC,Undergraduate (Year 3-4),Computing / IT / Engineering,Computing / IT / Engineering,Intermediate (I understand common threats),"Yes, many times",0,1,0,0,0,0,No,0,0,0,0,No,1,0,0,0,0,Legitimate,Legitimate,Phishing,Phishing,Phishing,Phishing,1,1,1,0,1,1,5,Always,"Yes, always",No / I am not aware of any,Somewhat confident,Very helpful,,,
20,2026-07-13 12:08:40,UDS-TAMALE,Undergraduate (Year 3-4),Medicine,Health Sciences,Intermediate (I understand common threats),"Yes, many times",0,0,1,0,0,0,Yes,1,1,1,0,Yes,1,0,1,0,1,Legitimate,Phishing,Phishing,Phishing,Phishing,Phishing,1,0,1,0,1,1,4,Rarely,Sometimes,No / I am not aware of any,Not very confident,Somewhat helpful,,,
21,2026-07-13 12:12:43,University of Ghana (UG),PhD,Arts / Humanities,Arts / Humanities,Intermediate (I understand common threats),"Yes, once or twice",0,0,0,0,1,0,No,0,0,0,0,No,1,0,0,1,0,Legitimate,Legitimate,Not Sure,Not Sure,Phishing,Phishing,1,1,0,0,1,1,4,Sometimes,"Yes, always","Yes, through emails or notices only",Somewhat confident,Very helpful,,,
22,2026-07-13 12:15:43,KNUST,Undergraduate (Year 3-4),Computing / IT / Engineering,Computing / IT / Engineering,Intermediate (I understand common threats),"Yes, once or twice",0,1,0,0,0,0,No,0,0,0,0,No,1,0,0,0,0,Legitimate,Legitimate,Phishing,Phishing,Not Sure,Phishing,1,1,1,0,0,1,4,Sometimes,Sometimes,No / I am not aware of any,Somewhat confident,Somewhat helpful,,,
23,2026-07-13 12:17:22,UHAS,Undergraduate (Year 3-4),Health Sciences,Health Sciences,Advanced (I can protect myself confidently),"Yes, many times",0,0,0,0,1,0,No,0,0,0,0,No,1,0,1,0,1,Legitimate,Legitimate,Phishing,Phishing,Phishing,Phishing,1,1,1,0,1,1,5,Always,Sometimes,"Yes, through emails or notices only",Somewhat confident,Somewhat helpful,,,
24,2026-07-13 12:31:59,UniMAC,Undergraduate (Year 1-2),Broadcast journalism,Arts / Humanities,Advanced (I can protect myself confidently),"Yes, many times",0,0,1,0,0,0,No,0,0,0,0,No,1,0,1,0,1,Legitimate,Legitimate,Phishing,Legitimate,Phishing,Phishing,1,1,1,1,1,1,6,Always,"Yes, always","Yes, formal training sessions",Very confident,Very helpful,,,0301001000
25,2026-07-13 13:14:50,UCC,Undergraduate (Year 3-4),Computing / IT / Engineering,Computing / IT / Engineering,Advanced (I can protect myself confidently),"Yes, many times",0,1,0,0,0,0,No,0,0,0,0,No,1,0,0,1,0,Legitimate,Legitimate,Phishing,Phishing,Phishing,Phishing,1,1,1,0,1,1,5,Always,"Yes, always","Yes, formal training sessions",Very confident,Very helpful,,,
26,2026-07-13 13:32:44,University of Ghana (UG),Postgraduate (Msc/MPhil),Business / Social Sciences,Business / Social Sciences,Basic (I have heard of it),"Yes, many times",0,0,1,0,0,0,Yes,1,1,0,0,No,1,1,0,0,1,Legitimate,Phishing,Phishing,Legitimate,Phishing,Phishing,1,0,1,1,1,1,5,Rarely,"Yes, always",No / I am not aware of any,Not very confident,Very helpful,,,
27,2026-07-13 13:32:52,KNUST,Postgraduate (Msc/MPhil),Architecture,Computing / IT / Engineering,Intermediate (I understand common threats),"Yes, many times",0,1,0,0,0,0,No,0,0,0,0,Yes,1,1,0,0,1,Not Sure,Phishing,Not Sure,Not Sure,Not Sure,Phishing,0,0,0,0,0,1,1,Always,"Yes, always","Yes, formal training sessions",Somewhat confident,Very helpful,,,
28,2026-07-13 14:14:03,KsTU,Undergraduate (Year 1-2),Medical Laboratory Technology,Health Sciences,Intermediate (I understand common threats),"Yes, many times",0,1,0,0,0,0,No,0,0,0,0,No,1,0,1,1,1,Legitimate,Legitimate,Phishing,Legitimate,Not Sure,Phishing,1,1,1,1,0,1,5,Always,"No, I use the same password","Yes, formal training sessions",Somewhat confident,Very helpful,,,
29,2026-07-13 14:22:54,KNUST,Postgraduate (Msc/MPhil),Computing / IT / Engineering,Computing / IT / Engineering,Advanced (I can protect myself confidently),"Yes, many times",0,0,1,0,0,0,No,0,0,0,0,No,1,0,0,1,0,Legitimate,Legitimate,Phishing,Phishing,Phishing,Phishing,1,1,1,0,1,1,5,Always,Sometimes,"Yes, formal training sessions",Very confident,Very helpful,,,
30,2026-07-13 14:27:05,Ashesi,Undergraduate (Year 3-4),Computing / IT / Engineering,Computing / IT / Engineering,Intermediate (I understand common threats),"Yes, many times",0,0,1,0,0,0,No,0,0,0,0,No,1,0,0,0,0,Legitimate,Legitimate,Phishing,Phishing,Phishing,Phishing,1,1,1,0,1,1,5,Always,I use a password manager,"Yes, through emails or notices only",Very confident,Very helpful,,,
31,2026-07-13 14:46:28,Ghana Communication Technology University,Postgraduate (Msc/MPhil),Computing / IT / Engineering,Computing / IT / Engineering,Basic (I have heard of it),"Yes, many times",0,0,1,0,0,0,No,0,0,0,0,No,1,0,0,0,0,Legitimate,Legitimate,Phishing,Legitimate,Phishing,Phishing,1,1,1,1,1,1,6,Sometimes,I use a password manager,No / I am not aware of any,Very confident,Very helpful,,,
32,2026-07-13 14:48:10,KNUST,Postgraduate (Msc/MPhil),Computing / IT / Engineering,Computing / IT / Engineering,Intermediate (I understand common threats),"Yes, once or twice",0,0,0,0,1,0,Not applicable,0,0,0,0,No,1,0,0,0,0,Not Sure,Not Sure,Phishing,Not Sure,Phishing,Phishing,0,0,1,0,1,1,3,Always,"Yes, always","Yes, formal training sessions",Somewhat confident,Somewhat helpful,,,
33,2026-07-13 14:49:27,KNUST,Postgraduate (Msc/MPhil),Computing / IT / Engineering,Computing / IT / Engineering,Intermediate (I understand common threats),"Yes, many times",0,0,0,1,0,0,No,0,0,0,0,Yes,1,0,0,1,0,Phishing,Legitimate,Phishing,Legitimate,Phishing,Phishing,0,1,1,1,1,1,5,Always,Sometimes,"Yes, formal training sessions",Somewhat confident,Very helpful,,,
34,2026-07-13 15:01:14,University of Ghana (UG),Postgraduate (Msc/MPhil),Computing / IT / Engineering,Computing / IT / Engineering,Basic (I have heard of it),"Yes, many times",0,1,0,0,0,0,Yes,1,0,0,0,Yes,1,1,0,0,1,Legitimate,Legitimate,Phishing,Phishing,Phishing,Phishing,1,1,1,0,1,1,5,Sometimes,"No, I use the same password","Yes, through emails or notices only",Somewhat confident,Somewhat helpful,,,
35,2026-07-13 15:02:44,Wisconsin,Undergraduate (Year 1-2),Health Sciences,Health Sciences,Intermediate (I understand common threats),"Yes, many times",0,0,0,1,0,0,No,0,0,0,0,Yes,1,0,1,0,1,Legitimate,Legitimate,Phishing,Legitimate,Phishing,Phishing,1,1,1,1,1,1,6,Always,Sometimes,"Yes, through emails or notices only",Not very confident,Very helpful,,,
36,2026-07-13 15:08:50,Pentecost University,Undergraduate (Year 3-4),Health Sciences,Health Sciences,Intermediate (I understand common threats),"Yes, many times",0,0,0,1,0,0,Yes,1,0,1,0,I am not sure,1,0,0,1,0,Not Sure,Legitimate,Phishing,Phishing,Phishing,Phishing,0,1,1,0,1,1,4,Rarely,"No, I use the same password","Yes, formal training sessions",Not very confident,Very helpful,Not sure,Not sure,Not sure 
37,2026-07-13 15:21:52,UCC,Postgraduate (Msc/MPhil),Computing / IT / Engineering,Computing / IT / Engineering,Intermediate (I understand common threats),"Yes, many times",0,1,0,0,0,0,No,0,0,0,0,No,1,0,0,1,1,Not Sure,Not Sure,Phishing,Phishing,Phishing,Phishing,0,0,1,0,1,1,3,Always,"Yes, always",No / I am not aware of any,Somewhat confident,Very helpful,,,
38,2026-07-13 15:27:25,KNUST,Postgraduate (Msc/MPhil),Computing / IT / Engineering,Computing / IT / Engineering,Advanced (I can protect myself confidently),"Yes, many times",0,0,1,0,0,0,No,0,0,0,0,No,1,0,0,1,0,Legitimate,Legitimate,Phishing,Legitimate,Phishing,Phishing,1,1,1,1,1,1,6,Always,I use a password manager,"Yes, formal training sessions",Very confident,Very helpful,,,
39,2026-07-13 15:27:40,KNUST,Postgraduate (Msc/MPhil),Computing / IT / Engineering,Computing / IT / Engineering,Intermediate (I understand common threats),"Yes, many times",0,1,0,0,0,0,No,0,0,0,0,No,1,0,0,1,0,Legitimate,Legitimate,Phishing,Legitimate,Phishing,Phishing,1,1,1,1,1,1,6,Sometimes,"Yes, always",No / I am not aware of any,Very confident,Very helpful,,,
40,2026-07-13 15:45:27,University of Ghana (UG),Undergraduate (Year 3-4),Health Sciences,Health Sciences,Intermediate (I understand common threats),"Yes, many times",0,0,1,0,0,0,No,0,0,0,0,I am not sure,1,0,1,0,1,Not Sure,Not Sure,Not Sure,Not Sure,Phishing,Legitimate,0,0,0,0,1,0,1,Rarely,"Yes, always","Yes, formal training sessions",Not very confident,Very helpful,,,
41,2026-07-13 16:13:49,KNUST,Postgraduate (Msc/MPhil),Arts / Humanities,Arts / Humanities,Basic (I have heard of it),"Yes, once or twice",0,1,0,0,0,0,Yes,1,1,0,0,No,1,0,0,0,0,Not Sure,Phishing,Phishing,Phishing,Phishing,Phishing,0,0,1,0,1,1,3,Rarely,"Yes, always",No / I am not aware of any,Very confident,Very helpful,,,
42,2026-07-13 17:26:51,KNUST,Postgraduate (Msc/MPhil),Environmental Science,Other (Natural/Applied Sciences),Intermediate (I understand common threats),I am not sure,0,0,0,0,0,0,Not applicable,0,0,0,0,No,0,0,0,0,,Not Sure,Not Sure,Not Sure,Not Sure,Not Sure,Not Sure,0,0,0,0,0,0,0,Never,Sometimes,No / I am not aware of any,Not confident at all,Very helpful,,,
43,2026-07-13 17:42:03,KNUST,Postgraduate (Msc/MPhil),Computing / IT / Engineering,Computing / IT / Engineering,Advanced (I can protect myself confidently),"Yes, many times",0,0,1,0,0,0,No,0,0,0,0,No,1,0,0,0,0,Legitimate,Legitimate,Phishing,Legitimate,Phishing,Phishing,1,1,1,1,1,1,6,Always,I use a password manager,"Yes, formal training sessions",Very confident,Very helpful,,,
44,2026-07-13 18:47:28,University of Ghana (UG),Postgraduate (Msc/MPhil),Business / Social Sciences,Business / Social Sciences,Intermediate (I understand common threats),"Yes, many times",0,0,1,0,0,0,No,0,0,0,0,No,1,0,0,1,0,Legitimate,Legitimate,Not Sure,Not Sure,Not Sure,Not Sure,1,1,0,0,0,0,2,Rarely,Sometimes,"Yes, formal training sessions",Somewhat confident,Very helpful,,,
45,2026-07-13 18:49:31,Ashesi,Undergraduate (Year 3-4),Computing / IT / Engineering,Computing / IT / Engineering,Intermediate (I understand common threats),"Yes, many times",0,0,1,0,0,0,No,0,0,0,0,No,1,0,1,0,1,Not Sure,Legitimate,Phishing,Phishing,Phishing,Not Sure,0,1,1,0,1,0,3,Always,I use a password manager,No / I am not aware of any,Somewhat confident,Very helpful,,,
46,2026-07-13 18:52:52,UCC,Undergraduate (Year 1-2),Computing / IT / Engineering,Computing / IT / Engineering,Intermediate (I understand common threats),"Yes, many times",0,0,1,0,0,0,No,0,0,0,0,Yes,1,0,0,1,0,Legitimate,Legitimate,Phishing,Legitimate,Phishing,Phishing,1,1,1,1,1,1,6,Always,"No, I use the same password","Yes, formal training sessions",Very confident,Somewhat helpful,,,
47,2026-07-13 20:00:47,UCC,Postgraduate (Msc/MPhil),MPHIL PHYSICS,Other (Natural/Applied Sciences),Intermediate (I understand common threats),"Yes, many times",0,1,0,0,0,0,No,0,0,0,0,No,1,0,0,1,0,Legitimate,Legitimate,Legitimate,Legitimate,Legitimate,Phishing,1,1,0,1,0,1,4,Sometimes,"Yes, always",No / I am not aware of any,Somewhat confident,Very helpful,,,
48,2026-07-13 20:06:53,UCC,Postgraduate (Msc/MPhil),Business / Social Sciences,Business / Social Sciences,Basic (I have heard of it),"Yes, many times",0,0,1,0,0,0,No,0,0,0,0,No,1,0,1,0,1,Legitimate,Legitimate,Phishing,Phishing,Phishing,Phishing,1,1,1,0,1,1,5,Always,Sometimes,"Yes, through emails or notices only",Somewhat confident,Somewhat helpful,,,
49,2026-07-13 20:36:47,KNUST,Postgraduate (Msc/MPhil),Computing / IT / Engineering,Computing / IT / Engineering,Intermediate (I understand common threats),"Yes, many times",0,0,1,0,0,0,Yes,1,1,0,0,No,1,0,1,0,1,Legitimate,Legitimate,Phishing,Phishing,Phishing,Not Sure,1,1,1,0,1,0,4,Sometimes,Sometimes,No / I am not aware of any,Somewhat confident,Very helpful,https://bit.ly/3SAhV4i ,https://bit.ly/4g9FoTQ ,http://bit.ly/4gMt3VE 
50,2026-07-13 21:27:49,CUG,Postgraduate (Msc/MPhil),Health Sciences,Health Sciences,Basic (I have heard of it),"Yes, once or twice",0,0,1,0,0,0,No,0,0,0,0,No,1,0,0,1,0,Not Sure,Not Sure,Phishing,Phishing,Phishing,Phishing,0,0,1,0,1,1,3,Rarely,"No, I use the same password",No / I am not aware of any,Very confident,Very helpful,,,
51,2026-07-13 21:28:56,University of Ghana (UG),Postgraduate (Msc/MPhil),Business / Social Sciences,Business / Social Sciences,Basic (I have heard of it),"Yes, many times",0,0,0,0,1,0,Yes,1,1,0,0,No,1,0,1,1,1,Legitimate,Not Sure,Not Sure,Not Sure,Not Sure,Not Sure,1,0,0,0,0,0,1,Rarely,"No, I use the same password",No / I am not aware of any,Not very confident,Somewhat helpful,No,No,No
52,2026-07-13 23:09:24,KNUST,Undergraduate (Year 3-4),Computing / IT / Engineering,Computing / IT / Engineering,Basic (I have heard of it),"Yes, many times",0,0,0,0,1,0,No,0,0,0,0,Yes,1,0,1,0,1,Legitimate,Legitimate,Phishing,Phishing,Phishing,Phishing,1,1,1,0,1,1,5,Sometimes,Sometimes,No / I am not aware of any,Somewhat confident,Very helpful,,,
53,2026-07-14 01:31:59,UDS,Postgraduate (Msc/MPhil),Health Sciences,Health Sciences,Basic (I have heard of it),"Yes, many times",0,0,1,0,0,0,No,0,0,0,0,No,1,0,0,0,0,Legitimate,Legitimate,Not Sure,Phishing,Phishing,Phishing,1,1,0,0,1,1,4,Always,Sometimes,No / I am not aware of any,Somewhat confident,Very helpful,,,
54,2026-07-14 02:23:23,University of Ghana (UG),Postgraduate (Msc/MPhil),Business / Social Sciences,Business / Social Sciences,Intermediate (I understand common threats),"Yes, many times",0,1,0,0,0,0,Yes,1,1,0,0,No,1,0,0,0,1,Legitimate,Legitimate,Phishing,Legitimate,Phishing,Phishing,1,1,1,1,1,1,6,Always,Sometimes,No / I am not aware of any,Somewhat confident,Very helpful,https://theos-sublime-site-0b5bb1.webflow.io/,,
55,2026-07-14 03:17:26,UCC,Undergraduate (Year 3-4),Computing / IT / Engineering,Computing / IT / Engineering,Advanced (I can protect myself confidently),"Yes, many times",0,1,0,0,0,0,Yes,1,1,0,0,No,1,0,0,0,0,Legitimate,Legitimate,Legitimate,Phishing,Not Sure,Legitimate,1,1,0,0,0,0,2,Always,"Yes, always","Yes, through emails or notices only",Very confident,Very helpful,,,
56,2026-07-14 05:23:59,KNUST,Postgraduate (Msc/MPhil),Health Sciences,Health Sciences,Basic (I have heard of it),"Yes, many times",0,0,0,0,0,1,Yes,1,0,1,0,Yes,1,0,1,0,1,Not Sure,Legitimate,Not Sure,Phishing,Not Sure,Phishing,0,1,0,0,0,1,2,Sometimes,Sometimes,No / I am not aware of any,Not very confident,Very helpful,,,
57,2026-07-14 07:02:02,KNUST,Undergraduate (Year 3-4),Actuarial science,Business / Social Sciences,Intermediate (I understand common threats),"Yes, many times",0,0,0,0,1,0,No,0,0,0,0,No,1,0,0,1,0,Legitimate,Legitimate,Phishing,Phishing,Phishing,Phishing,1,1,1,0,1,1,5,Always,Sometimes,No / I am not aware of any,Very confident,Very helpful,,,
58,2026-07-14 08:33:45,KNUST,Undergraduate (Year 3-4),Computing / IT / Engineering,Computing / IT / Engineering,Advanced (I can protect myself confidently),"Yes, many times",0,0,0,0,1,0,No,0,0,0,0,Yes,1,0,0,1,0,Legitimate,Legitimate,Legitimate,Phishing,Legitimate,Phishing,1,1,0,0,0,1,3,Sometimes,"Yes, always",No / I am not aware of any,Somewhat confident,Very helpful,,,
59,2026-07-14 09:26:11,KNUST,Postgraduate (Msc/MPhil),Health Sciences,Health Sciences,Intermediate (I understand common threats),"Yes, many times",0,0,1,0,0,0,Yes,1,1,1,0,Yes,1,0,1,0,1,Legitimate,Not Sure,Phishing,Not Sure,Phishing,Phishing,1,0,1,0,1,1,4,Sometimes,Sometimes,"Yes, through emails or notices only",Somewhat confident,Very helpful,,,
60,2026-07-14 09:47:04,University of Ghana (UG),Undergraduate (Year 3-4),Arts / Humanities,Arts / Humanities,Intermediate (I understand common threats),"Yes, many times",0,0,1,0,0,0,Yes,1,1,0,0,Yes,1,0,1,0,1,Legitimate,Legitimate,Legitimate,Legitimate,Legitimate,Legitimate,1,1,0,1,0,0,3,Sometimes,"Yes, always","Yes, formal training sessions",Not very confident,Very helpful,,,
61,2026-07-14 10:36:07,KNUST,Postgraduate (Msc/MPhil),Business / Social Sciences,Business / Social Sciences,Basic (I have heard of it),I am not sure,0,0,0,0,0,0,Yes,1,1,0,0,No,0,0,0,0,,Not Sure,Legitimate,Not Sure,Not Sure,Not Sure,Not Sure,0,1,0,0,0,0,1,Sometimes,Sometimes,"Yes, formal training sessions",Somewhat confident,Very helpful,,,
62,2026-07-14 10:53:54,KNUST,Postgraduate (Msc/MPhil),Health Sciences,Health Sciences,Intermediate (I understand common threats),"Yes, once or twice",0,0,0,0,0,1,No,0,0,0,0,Yes,1,0,1,0,1,Phishing,Legitimate,Phishing,Phishing,Phishing,Phishing,0,1,1,0,1,1,4,Sometimes,Sometimes,"Yes, through emails or notices only",Somewhat confident,Very helpful,,,
63,2026-07-14 10:58:32,KNUST,Postgraduate (Msc/MPhil),Business / Social Sciences,Business / Social Sciences,Intermediate (I understand common threats),"Yes, many times",0,1,0,0,0,0,No,0,0,0,0,No,1,0,0,1,0,Legitimate,Legitimate,Phishing,Legitimate,Phishing,Phishing,1,1,1,1,1,1,6,Always,"Yes, always","Yes, formal training sessions",Very confident,Very helpful,,,
64,2026-07-14 11:03:14,UDS,Undergraduate (Year 3-4),Land Administration,Business / Social Sciences,Basic (I have heard of it),"Yes, many times",0,0,1,0,0,0,No,0,0,0,0,No,1,0,1,0,1,Legitimate,Legitimate,Phishing,Not Sure,Phishing,Phishing,1,1,1,0,1,1,5,Sometimes,Sometimes,No / I am not aware of any,Not very confident,Very helpful,,,
65,2026-07-14 11:15:33,UDS,Undergraduate (Year 3-4),Land Administration,Business / Social Sciences,Basic (I have heard of it),"Yes, many times",0,0,1,0,0,0,Yes,1,1,0,0,No,1,0,0,1,0,Phishing,Legitimate,Legitimate,Not Sure,Not Sure,Not Sure,0,1,0,0,0,0,1,Never,"Yes, always","Yes, formal training sessions",Not very confident,Very helpful,,,
66,2026-07-14 11:20:20,University for development studies,Undergraduate (Year 3-4),Land administration,Business / Social Sciences,Advanced (I can protect myself confidently),"Yes, many times",0,0,1,0,0,0,No,0,0,0,0,No,1,0,1,0,1,Legitimate,Legitimate,Phishing,Phishing,Phishing,Phishing,1,1,1,0,1,1,5,Always,"Yes, always",No / I am not aware of any,Somewhat confident,Very helpful,,,
67,2026-07-14 11:58:03,UCC,PhD,Business / Social Sciences,Business / Social Sciences,Intermediate (I understand common threats),"Yes, many times",0,0,1,0,0,0,Yes,1,1,1,0,Yes,1,0,1,0,1,Not Sure,Not Sure,Not Sure,Not Sure,Not Sure,Not Sure,0,0,0,0,0,0,0,Always,Sometimes,No / I am not aware of any,Somewhat confident,Very helpful,,,
68,2026-07-14 11:59:16,University of Ghana (UG),Postgraduate (Msc/MPhil),Business / Social Sciences,Business / Social Sciences,Intermediate (I understand common threats),"Yes, once or twice",0,0,0,0,1,0,Yes,1,0,0,1,No,1,0,0,0,0,Not Sure,Not Sure,Not Sure,Not Sure,Not Sure,Not Sure,0,0,0,0,0,0,0,Sometimes,Sometimes,"Yes, through emails or notices only",Very confident,Very helpful,,,
69,2026-07-14 11:59:31,University of Ghana (UG),Postgraduate (Msc/MPhil),Natural Resource  Management,Other (Natural/Applied Sciences),Advanced (I can protect myself confidently),"Yes, many times",0,0,1,0,0,0,Yes,1,1,0,0,No,1,0,1,0,1,Not Sure,Not Sure,Not Sure,Not Sure,Not Sure,Phishing,0,0,0,0,0,1,1,Always,"Yes, always","Yes, formal training sessions",Very confident,Very helpful,,,
70,2026-07-14 12:36:27,UCC,Undergraduate (Year 3-4),Computing / IT / Engineering,Computing / IT / Engineering,Basic (I have heard of it),"Yes, many times",0,0,1,0,0,0,Yes,1,1,0,0,No,1,0,1,0,1,Legitimate,Legitimate,Phishing,Legitimate,Phishing,Phishing,1,1,1,1,1,1,6,Sometimes,Sometimes,No / I am not aware of any,Somewhat confident,Very helpful,https://dvllba-gh.ink/gh  , https://forms.gle/VhHPnQgAYcg3qDx87 ,http//www.amazon.com 
71,2026-07-14 13:09:37,KNUST,Postgraduate (Msc/MPhil),Computing / IT / Engineering,Computing / IT / Engineering,Basic (I have heard of it),"Yes, many times",0,0,0,0,1,0,No,0,0,0,0,I am not sure,1,0,0,1,0,Not Sure,Legitimate,Phishing,Phishing,Phishing,Phishing,0,1,1,0,1,1,4,Always,Sometimes,"Yes, through emails or notices only",Somewhat confident,Very helpful,https://datagh.app?q=5XPW4B,wa.me/16626414367,https://ghanukt-gh.ink/GH
72,2026-07-14 13:24:34,KNUST,Postgraduate (Msc/MPhil),Business / Social Sciences,Business / Social Sciences,Intermediate (I understand common threats),"Yes, many times",0,1,0,0,0,0,Yes,1,1,0,0,No,1,0,0,0,0,Legitimate,Legitimate,Phishing,Phishing,Phishing,Phishing,1,1,1,0,1,1,5,Always,Sometimes,"Yes, through emails or notices only",Somewhat confident,Very helpful,https://earnmgjr-cofiad.xyz/GHMNBVCXZLKJGH.html?pid=r 917778183393224,,
73,2026-07-14 17:52:48,Central University,Undergraduate (Year 1-2),Health Sciences,Health Sciences,Intermediate (I understand common threats),"Yes, once or twice",0,0,0,0,1,0,No,0,0,0,0,No,1,0,0,1,0,Legitimate,Legitimate,Phishing,Phishing,Not Sure,Not Sure,1,1,1,0,0,0,3,Rarely,"Yes, always","Yes, formal training sessions",Very confident,Very helpful,,,
74,2026-07-14 18:05:21,KNUST,Undergraduate (Year 1-2),Health Sciences,Health Sciences,Intermediate (I understand common threats),"Yes, once or twice",0,0,0,0,0,0,No,0,0,0,0,Yes,1,0,1,0,1,Legitimate,Legitimate,Phishing,Not Sure,Phishing,Phishing,1,1,1,0,1,1,5,Sometimes,Sometimes,No / I am not aware of any,Somewhat confident,Very helpful,,,
75,2026-07-14 19:42:19,UCC,Undergraduate (Year 3-4),Procurement and supply chain management,Business / Social Sciences,Basic (I have heard of it),"Yes, once or twice",0,0,0,0,0,1,No,0,0,0,0,No,1,0,0,0,0,Not Sure,Not Sure,Not Sure,Not Sure,Not Sure,Not Sure,0,0,0,0,0,0,0,Rarely,Sometimes,"Yes, through emails or notices only",Very confident,Very helpful,,,
76,2026-07-14 21:19:16,University of Ghana (UG),Postgraduate (Msc/MPhil),Business / Social Sciences,Business / Social Sciences,Intermediate (I understand common threats),"Yes, once or twice",0,0,0,0,1,0,No,0,0,0,0,No,1,0,0,0,0,Legitimate,Legitimate,Phishing,Not Sure,Not Sure,Not Sure,1,1,1,0,0,0,3,Sometimes,"Yes, always","Yes, formal training sessions",Not very confident,Very helpful,,,
77,2026-07-14 21:25:08,UCC,Undergraduate (Year 1-2),Economics,Business / Social Sciences,None at all,"Yes, once or twice",0,0,1,0,0,0,No,0,0,0,0,No,1,0,1,0,1,Not Sure,Not Sure,Not Sure,Not Sure,Not Sure,Not Sure,0,0,0,0,0,0,0,Rarely,Sometimes,"Yes, formal training sessions",Very confident,Very helpful,No idea,Nothing ,Nothing 
78,2026-07-15 10:11:52,KNUST,Postgraduate (Msc/MPhil),Business / Social Sciences,Business / Social Sciences,Intermediate (I understand common threats),"Yes, many times",0,0,1,0,0,0,No,0,0,0,0,Yes,1,1,0,0,1,Not Sure,Legitimate,Phishing,Phishing,Phishing,Phishing,0,1,1,0,1,1,4,Rarely,I use a password manager,No / I am not aware of any,Somewhat confident,Somewhat helpful,,,
79,2026-07-15 10:20:39,KNUST,Postgraduate (Msc/MPhil),Computing / IT / Engineering,Computing / IT / Engineering,Advanced (I can protect myself confidently),"Yes, many times",0,1,0,0,0,0,No,0,0,0,0,No,1,0,0,1,0,Legitimate,Legitimate,Phishing,Legitimate,Phishing,Phishing,1,1,1,1,1,1,6,Always,Sometimes,"Yes, through emails or notices only",Very confident,Very helpful,,,
80,2026-07-15 10:32:18,University of Ghana (UG),Postgraduate (Msc/MPhil),Computing / IT / Engineering,Computing / IT / Engineering,Basic (I have heard of it),"Yes, many times",0,1,0,0,0,0,No,0,0,0,0,No,1,0,1,0,1,Legitimate,Legitimate,Phishing,Legitimate,Phishing,Phishing,1,1,1,1,1,1,6,Always,"Yes, always","Yes, formal training sessions",Very confident,Very helpful,,,
81,2026-07-15 14:22:11,KNUST,Postgraduate (Msc/MPhil),Computing / IT / Engineering,Computing / IT / Engineering,Advanced (I can protect myself confidently),"Yes, many times",0,1,0,0,0,0,No,0,0,0,0,No,1,1,0,0,1,Legitimate,Legitimate,Phishing,Legitimate,Phishing,Phishing,1,1,1,1,1,1,6,Always,"Yes, always","Yes, through emails or notices only",Very confident,Very helpful,,,
82,2026-07-15 14:58:12,University of Ghana (UG),Postgraduate (Msc/MPhil),Arts / Humanities,Arts / Humanities,Intermediate (I understand common threats),"Yes, once or twice",0,0,1,0,0,0,No,0,0,0,0,Yes,1,0,1,0,1,Legitimate,Legitimate,Phishing,Phishing,Phishing,Phishing,1,1,1,0,1,1,5,Rarely,Sometimes,"Yes, through emails or notices only",Somewhat confident,Very helpful,,,
83,2026-07-15 15:05:14,University of Ghana (UG),Undergraduate (Year 3-4),Computing / IT / Engineering,Computing / IT / Engineering,Intermediate (I understand common threats),"Yes, many times",0,0,1,0,0,0,No,0,0,0,0,No,1,0,0,1,0,Legitimate,Legitimate,Phishing,Phishing,Phishing,Phishing,1,1,1,0,1,1,5,Rarely,"No, I use the same password","Yes, through emails or notices only",Somewhat confident,Very helpful,,,
84,2026-07-15 15:10:38,UCC,Undergraduate (Year 3-4),Computer Science,Computing / IT / Engineering,Intermediate (I understand common threats),"Yes, many times",0,0,1,0,0,0,No,0,0,0,0,No,1,0,1,0,1,Legitimate,Legitimate,Phishing,Legitimate,Phishing,Phishing,1,1,1,1,1,1,6,Rarely,Sometimes,"Yes, through emails or notices only",Somewhat confident,Very helpful,"We contacted you yesterday, but you didn't reply. There is a high-income opportunity waiting for you. Please contact us: wa.me/18548399740",,
85,2026-07-15 15:15:08,GIMPA,Undergraduate (Year 1-2),Computing / IT / Engineering,Computing / IT / Engineering,Intermediate (I understand common threats),"Yes, many times",0,0,0,0,1,0,No,0,0,0,0,No,1,1,1,0,1,Legitimate,Legitimate,Phishing,Legitimate,Phishing,Phishing,1,1,1,1,1,1,6,Sometimes,I use a password manager,"Yes, through emails or notices only",Somewhat confident,Very helpful,"Congratulations, the job offer you applied for has been approved. Please contact us on WhatsApp to get a daily salary of 240~1200: wa.me/13347884209",,
86,2026-07-15 15:23:50,GIMPA,Postgraduate (Msc/MPhil),Computing / IT / Engineering,Computing / IT / Engineering,Intermediate (I understand common threats),"Yes, many times",0,0,0,0,1,0,No,0,0,0,0,No,1,0,1,0,1,Legitimate,Legitimate,Phishing,Legitimate,Phishing,Phishing,1,1,1,1,1,1,6,Sometimes,Sometimes,"Yes, through emails or notices only",Somewhat confident,Very helpful,We contacted you yesterday but you didn't reply. You have a job offer with a daily wage of 1000-1600 waiting for you . Please contact us: wa.me/17086221454 ,http://ojefj.gdn ,We contacted you yesterday but you didn't reply. You have a job offer with a daily wage of 1000-2500 waiting for you . Please contact us: wa.me/16626414367 
87,2026-07-15 15:26:24,University of Ghana (UG),Undergraduate (Year 3-4),Health Sciences,Health Sciences,Basic (I have heard of it),"Yes, many times",0,1,0,0,0,0,Yes,1,1,0,0,No,1,1,1,0,1,Legitimate,Legitimate,Not Sure,Legitimate,Phishing,Not Sure,1,1,0,1,1,0,4,Never,"No, I use the same password",No / I am not aware of any,Not confident at all,Very helpful,http://gcb.com.gh/login ,https://fxxba.buzz/SvtLIOJG/gh-en?1207764879925902196&s=wa&   PINCODES FOR NSS NURSES AND WIDWIVES RELEASED For Enquiries/ Genuine Assistance New WhatsApp wa.me/message/KEDEA36GEEKRF1 ,
88,2026-07-15 15:32:45,UCC,Undergraduate (Year 1-2),Business / Social Sciences,Business / Social Sciences,None at all,"Yes, many times",0,0,1,0,0,0,No,0,0,0,0,No,1,0,0,1,0,Legitimate,Legitimate,Not Sure,Legitimate,Not Sure,Phishing,1,1,0,1,0,1,4,Never,"No, I use the same password",No / I am not aware of any,Somewhat confident,Very helpful,,http://wa.me/18068489835 ,https://www.winslots.com.gh/#/activities/register/ACT-INV-207156/4 
89,2026-07-15 15:34:58,University of Ghana (UG),PhD,Computing / IT / Engineering,Computing / IT / Engineering,Intermediate (I understand common threats),"Yes, many times",0,0,1,0,0,0,No,0,0,0,0,No,1,0,1,0,1,Legitimate,Legitimate,Phishing,Legitimate,Phishing,Phishing,1,1,1,1,1,1,6,Sometimes,"Yes, always","Yes, through emails or notices only",Somewhat confident,Very helpful,https://facetime.apple.com/join#v=1&p=MX//XlLrEfGfQ6YN9EmXJg&k=beEblYWc-E8EertEC5pS80GAEfyeDkzQ2YpfWJO-XrI ,,
90,2026-07-15 16:59:28,KNUST,Postgraduate (Msc/MPhil),Computing / IT / Engineering,Computing / IT / Engineering,Intermediate (I understand common threats),"Yes, many times",0,0,1,0,0,0,No,0,0,0,0,No,1,0,1,0,1,Legitimate,Legitimate,Phishing,Legitimate,Phishing,Phishing,1,1,1,1,1,1,6,Always,"Yes, always",No / I am not aware of any,Very confident,Very helpful,"I received GHc4,300, you should try it too, it's very easy! https://fxxba.buzz/SvtLIOJG/gh-en?1207764879925902196&s=wa&",,
91,2026-07-15 17:16:37,KNUST,Postgraduate (Msc/MPhil),Computing / IT / Engineering,Computing / IT / Engineering,Advanced (I can protect myself confidently),"Yes, many times",0,0,1,0,0,0,No,0,0,0,0,No,1,0,0,0,0,Legitimate,Legitimate,Phishing,Not Sure,Phishing,Phishing,1,1,1,0,1,1,5,Sometimes,Sometimes,"Yes, formal training sessions",Somewhat confident,Very helpful,"I thought it was fake 😂 but I actually got the ₵800, try it https://lyehz.buzz/WCqNlU/gh-en?0627507907335751283&s=wa&",,
92,2026-07-15 17:28:35,KNUST,Postgraduate (Msc/MPhil),Computing / IT / Engineering,Computing / IT / Engineering,Intermediate (I understand common threats),"Yes, once or twice",0,0,1,0,0,0,No,0,0,0,0,No,1,0,0,1,0,Legitimate,Legitimate,Phishing,Phishing,Phishing,Phishing,1,1,1,0,1,1,5,Always,Sometimes,No / I am not aware of any,Somewhat confident,Somewhat helpful,,,
93,2026-07-15 17:43:33,KNUST,Postgraduate (Msc/MPhil),Computing / IT / Engineering,Computing / IT / Engineering,Advanced (I can protect myself confidently),"Yes, once or twice",0,0,1,0,0,0,No,0,0,0,0,No,1,0,0,0,0,Legitimate,Legitimate,Phishing,Legitimate,Phishing,Phishing,1,1,1,1,1,1,6,Always,"Yes, always","Yes, formal training sessions",Not very confident,Very helpful,,,
94,2026-07-15 17:44:07,KNUST,Postgraduate (Msc/MPhil),Business / Social Sciences,Business / Social Sciences,Basic (I have heard of it),"Yes, many times",0,0,1,0,0,0,Yes,1,1,0,0,Yes,1,0,0,0,0,Not Sure,Legitimate,Not Sure,Not Sure,Not Sure,Not Sure,0,1,0,0,0,0,1,Always,Sometimes,"Yes, formal training sessions",Somewhat confident,Very helpful,,,
95,2026-07-15 18:06:36,KNUST,PhD,Health Sciences,Health Sciences,Intermediate (I understand common threats),"Yes, many times",0,0,1,0,0,0,Yes,1,1,0,0,Yes,1,0,0,1,0,Not Sure,Not Sure,Not Sure,Phishing,Phishing,Phishing,0,0,0,0,1,1,2,Never,"Yes, always",No / I am not aware of any,Not confident at all,Very helpful,No ideal,No ideal,No ideal
96,2026-07-15 18:55:55,GIMPA,Undergraduate (Year 3-4),Computing / IT / Engineering,Computing / IT / Engineering,Intermediate (I understand common threats),"Yes, many times",0,0,1,0,0,0,No,0,0,0,0,No,1,1,1,0,1,Legitimate,Legitimate,Phishing,Legitimate,Phishing,Phishing,1,1,1,1,1,1,6,Sometimes,I use a password manager,"Yes, formal training sessions",Very confident,Very helpful,,,
97,2026-07-15 19:55:38,UCC,Undergraduate (Year 3-4),Health Sciences,Health Sciences,Basic (I have heard of it),"Yes, many times",0,1,0,0,0,0,Yes,1,1,1,0,No,1,0,1,0,1,Legitimate,Legitimate,Phishing,Legitimate,Not Sure,Phishing,1,1,1,1,0,1,5,Rarely,Sometimes,No / I am not aware of any,Not very confident,Very helpful,,,
98,2026-07-15 20:02:42,UCC,Undergraduate (Year 1-2),Arts / Humanities,Arts / Humanities,None at all,"Yes, many times",0,0,1,0,0,0,No,0,0,0,0,No,1,0,0,1,0,Legitimate,Legitimate,Not Sure,Legitimate,Not Sure,Phishing,1,1,0,1,0,1,4,Rarely,Sometimes,No / I am not aware of any,Not confident at all,Somewhat helpful,,,
99,2026-07-15 20:05:39,University of Ghana (UG),Undergraduate (Year 1-2),Arts / Humanities,Arts / Humanities,Basic (I have heard of it),"Yes, many times",0,0,0,1,0,0,Yes,1,1,0,0,No,1,0,0,1,0,Legitimate,Legitimate,Legitimate,Not Sure,Phishing,Not Sure,1,1,0,0,1,0,3,Never,"No, I use the same password",No / I am not aware of any,Somewhat confident,Very helpful,,,
100,2026-07-15 20:18:55,UCC,PhD,Arts / Humanities,Arts / Humanities,Basic (I have heard of it),"Yes, many times",0,1,0,0,0,0,Yes,1,1,1,0,No,1,1,1,0,1,Legitimate,Legitimate,Phishing,Legitimate,Not Sure,Phishing,1,1,1,1,0,1,5,Rarely,Sometimes,No / I am not aware of any,Somewhat confident,Somewhat helpful,,,
101,2026-07-15 20:52:08,KNUST,Postgraduate (Msc/MPhil),Computing / IT / Engineering,Computing / IT / Engineering,Intermediate (I understand common threats),"Yes, once or twice",0,1,0,0,0,0,No,0,0,0,0,No,1,0,1,0,1,Legitimate,Legitimate,Phishing,Legitimate,Phishing,Phishing,1,1,1,1,1,1,6,Always,"Yes, always","Yes, formal training sessions",Somewhat confident,Very helpful,,,
102,2026-07-15 23:19:10,KNUST,Postgraduate (Msc/MPhil),Computing / IT / Engineering,Computing / IT / Engineering,Basic (I have heard of it),"Yes, many times",0,1,0,0,0,0,Yes,1,1,0,0,No,1,0,0,1,0,Not Sure,Not Sure,Not Sure,Not Sure,Not Sure,Not Sure,0,0,0,0,0,0,0,Rarely,I use a password manager,No / I am not aware of any,Not confident at all,Not helpful,,,
103,2026-07-16 04:25:48,University of Ghana (UG),Postgraduate (Msc/MPhil),Health Sciences,Health Sciences,Intermediate (I understand common threats),"Yes, many times",0,0,1,0,0,0,No,0,0,0,0,I am not sure,1,0,1,0,1,Legitimate,Phishing,Not Sure,Phishing,Phishing,Phishing,1,0,0,0,1,1,3,Rarely,"Yes, always",No / I am not aware of any,Not very confident,Very helpful,,,
104,2026-07-16 06:30:25,Blue Crest College,Undergraduate (Year 3-4),Fashion Design,Arts / Humanities,Basic (I have heard of it),I am not sure,0,0,0,0,0,0,No,0,0,0,0,No,0,0,0,0,,Legitimate,Legitimate,Phishing,Phishing,Phishing,Not Sure,1,1,1,0,1,0,4,Rarely,Sometimes,No / I am not aware of any,Not confident at all,Very helpful,,,
105,2026-07-16 08:32:21,KNUST,Postgraduate (Msc/MPhil),Computing / IT / Engineering,Computing / IT / Engineering,Intermediate (I understand common threats),"Yes, many times",0,1,0,0,0,0,No,0,0,0,0,No,1,0,0,0,0,Legitimate,Legitimate,Phishing,Not Sure,Phishing,Not Sure,1,1,1,0,1,0,4,Rarely,Sometimes,No / I am not aware of any,Not very confident,Very helpful,,,
106,2026-07-16 09:46:05,University of Ghana (UG),Postgraduate (Msc/MPhil),Business / Social Sciences,Business / Social Sciences,Intermediate (I understand common threats),"Yes, many times",0,0,0,1,0,0,No,0,0,0,0,No,1,0,0,0,0,Legitimate,Not Sure,Not Sure,Not Sure,Not Sure,Not Sure,1,0,0,0,0,0,1,Sometimes,Sometimes,No / I am not aware of any,Not very confident,Very helpful,,,
107,2026-07-16 18:26:48,KNUST,PhD,Health Sciences,Health Sciences,Advanced (I can protect myself confidently),"Yes, many times",0,0,1,0,0,0,No,0,0,0,0,I am not sure,1,0,0,0,0,Not Sure,Not Sure,Not Sure,Not Sure,Not Sure,Not Sure,0,0,0,0,0,0,0,Sometimes,"Yes, always","Yes, through emails or notices only",Somewhat confident,Somewhat helpful,,,
108,2026-07-16 19:18:42,KNUST,Postgraduate (Msc/MPhil),Natural sciences,Other (Natural/Applied Sciences),Intermediate (I understand common threats),"Yes, many times",0,1,1,1,1,0,Yes,1,1,0,0,Yes,1,0,1,0,1,Legitimate,Legitimate,Not Sure,Not Sure,Phishing,Phishing,1,1,0,0,1,1,4,Always,"Yes, always",No / I am not aware of any,Somewhat confident,Very helpful,,,
109,2026-07-16 20:03:51,KTU,Undergraduate (Year 3-4),Food technology,Other (Natural/Applied Sciences),Intermediate (I understand common threats),"Yes, once or twice",0,0,1,0,0,0,Yes,1,1,0,0,Yes,1,0,0,1,0,Not Sure,Legitimate,Phishing,Phishing,Phishing,Phishing,0,1,1,0,1,1,4,Never,I use a password manager,No / I am not aware of any,Not very confident,Very helpful,,,
110,2026-07-16 21:24:05,KNUST,Postgraduate (Msc/MPhil),Health Sciences,Health Sciences,Basic (I have heard of it),"Yes, many times",0,0,1,1,1,0,No,0,0,0,0,No,1,0,0,1,0,Legitimate,Legitimate,Phishing,Phishing,Phishing,Phishing,1,1,1,0,1,1,5,Always,"Yes, always","Yes, through emails or notices only",Somewhat confident,Very helpful,,,
111,2026-07-17 08:39:45,University of Ghana (UG),Undergraduate (Year 3-4),Arts / Humanities,Arts / Humanities,None at all,I am not sure,0,0,0,0,0,0,Not applicable,0,0,0,0,No,0,0,0,0,,Not Sure,Not Sure,Not Sure,Not Sure,Not Sure,Not Sure,0,0,0,0,0,0,0,Never,"No, I use the same password",No / I am not aware of any,Not confident at all,Very helpful,,,
112,2026-07-17 09:26:59,UCC,Undergraduate (Year 3-4),Health Sciences,Health Sciences,Intermediate (I understand common threats),"Yes, many times",0,0,1,0,0,0,No,0,0,0,0,No,1,0,0,0,0,Legitimate,Legitimate,Phishing,Legitimate,Phishing,Phishing,1,1,1,1,1,1,6,Sometimes,"Yes, always",No / I am not aware of any,Not very confident,Very helpful,,,
113,2026-07-17 11:19:36,UCC,Postgraduate (Msc/MPhil),Arts / Humanities,Arts / Humanities,Intermediate (I understand common threats),"Yes, many times",0,1,1,1,1,0,Yes,1,1,1,0,Yes,1,0,0,1,0,Legitimate,Legitimate,Not Sure,Phishing,Phishing,Not Sure,1,1,0,0,1,0,3,Sometimes,Sometimes,No / I am not aware of any,Very confident,Very helpful,,,
114,2026-07-17 12:33:43,KNUST,Undergraduate (Year 3-4),Business / Social Sciences,Business / Social Sciences,Intermediate (I understand common threats),"Yes, many times",0,0,1,0,1,0,No,0,0,0,0,No,1,0,1,0,1,Legitimate,Legitimate,Phishing,Legitimate,Phishing,Phishing,1,1,1,1,1,1,6,Never,"Yes, always",No / I am not aware of any,Somewhat confident,Very helpful,,,
115,2026-07-17 13:13:34,UDS,Undergraduate (Year 3-4),Education,Business / Social Sciences,Basic (I have heard of it),"Yes, many times",0,1,1,0,0,0,Yes,1,1,0,0,No,1,0,0,1,0,Not Sure,Not Sure,Not Sure,Not Sure,Not Sure,Not Sure,0,0,0,0,0,0,0,Never,"No, I use the same password",No / I am not aware of any,Not very confident,Very helpful,,,
116,2026-07-17 17:59:26,University of Ghana (UG),Postgraduate (Msc/MPhil),Business / Social Sciences,Business / Social Sciences,Basic (I have heard of it),"Yes, once or twice",0,0,1,0,0,0,No,0,0,0,0,No,1,0,0,0,0,Legitimate,Not Sure,Not Sure,Not Sure,Not Sure,Not Sure,1,0,0,0,0,0,1,Always,Sometimes,No / I am not aware of any,Somewhat confident,Very helpful,,,
117,2026-07-17 18:06:51,University of Ghana (UG),Undergraduate (Year 3-4),Health Sciences,Health Sciences,Basic (I have heard of it),"Yes, once or twice",0,0,1,0,1,0,No,0,0,0,0,No,1,0,0,1,0,Legitimate,Legitimate,Phishing,Legitimate,Phishing,Phishing,1,1,1,1,1,1,6,Always,I use a password manager,No / I am not aware of any,Somewhat confident,Very helpful,,,
118,2026-07-17 18:43:38,Garden City University,Undergraduate (Year 1-2),Health Sciences,Health Sciences,Intermediate (I understand common threats),"Yes, many times",0,0,1,0,1,1,No,0,0,0,0,No,1,0,0,0,0,Phishing,Legitimate,Phishing,Legitimate,Phishing,Phishing,0,1,1,1,1,1,5,Sometimes,"No, I use the same password","Yes, through emails or notices only",Somewhat confident,Very helpful,,,
119,2026-07-17 21:28:54,University of Ghana (UG),Postgraduate (Msc/MPhil),Health Sciences,Health Sciences,Basic (I have heard of it),"Yes, once or twice",0,0,0,0,1,0,No,0,0,0,0,No,1,0,1,1,1,Legitimate,Phishing,Phishing,Phishing,Phishing,Phishing,1,0,1,0,1,1,4,Always,"Yes, always",No / I am not aware of any,Somewhat confident,Very helpful,,,
120,2026-07-18 10:15:32,KNUST,Postgraduate (Msc/MPhil),Biosciences,Other (Natural/Applied Sciences),Intermediate (I understand common threats),"Yes, once or twice",0,1,0,0,0,0,Yes,1,1,0,0,No,1,0,0,1,0,Legitimate,Legitimate,Phishing,Legitimate,Legitimate,Legitimate,1,1,1,1,0,0,4,Sometimes,Sometimes,No / I am not aware of any,Somewhat confident,Very helpful,,,
121,2026-07-18 16:18:39,ATU,Undergraduate (Year 3-4),Computing / IT / Engineering,Computing / IT / Engineering,Basic (I have heard of it),"No, never",0,0,0,0,0,0,Not applicable,0,0,0,0,No,0,0,0,0,,Legitimate,Legitimate,Phishing,Legitimate,Phishing,Phishing,1,1,1,1,1,1,6,Always,"Yes, always",No / I am not aware of any,Somewhat confident,Very helpful,,,
122,2026-07-18 16:42:55,KNUST,Postgraduate (Msc/MPhil),Biosciences,Other (Natural/Applied Sciences),Intermediate (I understand common threats),"Yes, once or twice",0,1,0,0,0,0,Yes,1,1,0,0,No,1,0,0,1,0,Legitimate,Legitimate,Phishing,Legitimate,Phishing,Phishing,1,1,1,1,1,1,6,Rarely,Sometimes,No / I am not aware of any,Not very confident,Very helpful,,,
123,2026-07-20 00:54:39,GIMPA,Undergraduate (Year 3-4),Computing / IT / Engineering,Computing / IT / Engineering,Intermediate (I understand common threats),"Yes, many times",0,1,1,0,1,0,Yes,1,1,0,0,No,1,0,1,0,1,Legitimate,Legitimate,Phishing,Legitimate,Phishing,Phishing,1,1,1,1,1,1,6,Sometimes,I use a password manager,No / I am not aware of any,Somewhat confident,Very helpful,,,
124,2026-07-20 00:58:20,University of Ghana (UG),Undergraduate (Year 3-4),Arts / Humanities,Arts / Humanities,Basic (I have heard of it),"Yes, many times",0,1,1,0,1,0,Yes,1,1,0,0,No,1,0,1,0,1,Legitimate,Legitimate,Not Sure,Legitimate,Not Sure,Phishing,1,1,0,1,0,1,4,Rarely,"No, I use the same password",No / I am not aware of any,Not very confident,Somewhat helpful,,,
125,2026-07-20 01:00:41,UCC,Undergraduate (Year 1-2),Business / Social Sciences,Business / Social Sciences,None at all,"Yes, many times",0,1,1,1,1,1,Yes,1,1,1,0,No,1,0,1,0,1,Legitimate,Legitimate,Not Sure,Legitimate,Not Sure,Phishing,1,1,0,1,0,1,4,Never,"No, I use the same password",No / I am not aware of any,Not confident at all,Very helpful,,,
126,2026-07-20 01:03:54,University of Ghana (UG),Postgraduate (Msc/MPhil),Computing / IT / Engineering,Computing / IT / Engineering,Advanced (I can protect myself confidently),"Yes, many times",1,1,1,1,1,1,No,0,0,0,0,No,1,1,1,0,1,Legitimate,Legitimate,Phishing,Legitimate,Phishing,Phishing,1,1,1,1,1,1,6,Always,I use a password manager,"Yes, formal training sessions",Very confident,Very helpful,,,
127,2026-07-20 01:18:06,UCC,Undergraduate (Year 1-2),Arts / Humanities,Arts / Humanities,Basic (I have heard of it),"Yes, many times",0,1,1,1,1,0,No,0,0,0,0,No,1,0,1,0,1,Legitimate,Legitimate,Phishing,Legitimate,Phishing,Phishing,1,1,1,1,1,1,6,Rarely,Sometimes,No / I am not aware of any,Somewhat confident,Very helpful,,,
128,2026-07-20 01:19:04,GIMPA,Undergraduate (Year 1-2),Computing / IT / Engineering,Computing / IT / Engineering,Intermediate (I understand common threats),"Yes, many times",0,1,1,0,1,0,No,0,0,0,0,No,1,0,0,1,0,Legitimate,Legitimate,Phishing,Legitimate,Phishing,Phishing,1,1,1,1,1,1,6,Sometimes,Sometimes,"Yes, formal training sessions",Very confident,Very helpful,,,
129,2026-07-20 02:31:42,Ashesi,Undergraduate (Year 1-2),Computing / IT / Engineering,Computing / IT / Engineering,Intermediate (I understand common threats),"Yes, many times",0,1,1,1,0,0,No,0,0,0,0,No,1,0,1,0,1,Legitimate,Legitimate,Phishing,Legitimate,Phishing,Phishing,1,1,1,1,1,1,6,Always,"Yes, always","Yes, formal training sessions",Somewhat confident,Very helpful,,,
130,2026-07-20 02:32:20,Accra Technical University,Undergraduate (Year 3-4),Business / Social Sciences,Business / Social Sciences,Basic (I have heard of it),"Yes, many times",0,1,1,1,1,0,Yes,1,1,0,0,No,1,0,1,0,1,Legitimate,Legitimate,Phishing,Legitimate,Phishing,Phishing,1,1,1,1,1,1,6,Sometimes,Sometimes,No / I am not aware of any,Somewhat confident,Very helpful,,,
131,2026-07-20 02:54:05,KNUST,Postgraduate (Msc/MPhil),Computing / IT / Engineering,Computing / IT / Engineering,Advanced (I can protect myself confidently),"Yes, many times",0,1,1,1,1,1,No,0,0,0,0,No,1,0,1,0,1,Legitimate,Legitimate,Phishing,Legitimate,Phishing,Phishing,1,1,1,1,1,1,6,Always,I use a password manager,"Yes, formal training sessions",Somewhat confident,Very helpful,,,
132,2026-07-20 02:55:44,UHAS,Undergraduate (Year 3-4),Health Sciences,Health Sciences,Basic (I have heard of it),"Yes, many times",0,1,1,0,1,1,Yes,1,1,0,0,No,1,0,1,0,1,Legitimate,Legitimate,Not Sure,Legitimate,Phishing,Phishing,1,1,0,1,1,1,5,Sometimes,Sometimes,No / I am not aware of any,Not very confident,Very helpful,,,
133,2026-07-20 08:54:55,UEW,Undergraduate (Year 1-2),Business / Social Sciences,Business / Social Sciences,Basic (I have heard of it),"Yes, many times",0,0,1,1,1,0,Yes,1,1,0,0,No,1,0,1,0,1,Legitimate,Legitimate,Not Sure,Legitimate,Legitimate,Not Sure,1,1,0,1,0,0,3,Never,"No, I use the same password",No / I am not aware of any,Not confident at all,Very helpful,,,
134,2026-07-20 08:59:16,CCTU,Undergraduate (Year 3-4),Arts / Humanities,Arts / Humanities,Basic (I have heard of it),"Yes, many times",0,0,1,0,1,1,No,0,0,0,0,I am not sure,1,0,1,0,1,Legitimate,Legitimate,Phishing,Legitimate,Legitimate,Not Sure,1,1,1,1,0,0,4,Rarely,"No, I use the same password",No / I am not aware of any,Not confident at all,Very helpful,,,
135,2026-07-20 09:06:54,UHAS,Undergraduate (Year 3-4),Health Sciences,Health Sciences,Basic (I have heard of it),"Yes, once or twice",0,0,0,0,1,1,Yes,1,1,1,0,I am not sure,1,0,1,0,1,Legitimate,Legitimate,Not Sure,Phishing,Legitimate,Not Sure,1,1,0,0,0,0,2,Rarely,"No, I use the same password",No / I am not aware of any,Not very confident,Very helpful,,,
136,2026-07-20 09:13:41,UMAT,Undergraduate (Year 3-4),Computing / IT / Engineering,Computing / IT / Engineering,Basic (I have heard of it),"Yes, many times",0,1,1,1,1,1,No,0,0,0,0,No,1,0,1,0,1,Legitimate,Legitimate,Not Sure,Legitimate,Legitimate,Not Sure,1,1,0,1,0,0,3,Rarely,Sometimes,"Yes, through emails or notices only",Somewhat confident,Very helpful,,,
137,2026-07-20 09:15:10,TTU,Undergraduate (Year 3-4),Arts / Humanities,Arts / Humanities,Basic (I have heard of it),"Yes, once or twice",0,0,1,0,1,1,Yes,1,1,1,0,No,1,0,1,0,1,Legitimate,Legitimate,Phishing,Legitimate,Not Sure,Legitimate,1,1,1,1,0,0,4,Rarely,"No, I use the same password",No / I am not aware of any,Not very confident,Somewhat helpful,,,
138,2026-07-20 09:17:57,ATU,Undergraduate (Year 3-4),Business / Social Sciences,Business / Social Sciences,None at all,"Yes, many times",0,0,1,1,1,0,Yes,1,1,1,0,I am not sure,1,0,1,0,1,Legitimate,Legitimate,Not Sure,Legitimate,Legitimate,Not Sure,1,1,0,1,0,0,3,Rarely,Sometimes,No / I am not aware of any,Not confident at all,Somewhat helpful,,,
139,2026-07-20 09:19:11,UPSA,Undergraduate (Year 1-2),Business / Social Sciences,Business / Social Sciences,Basic (I have heard of it),"Yes, once or twice",0,0,0,1,1,1,Yes,1,1,0,0,I am not sure,1,0,1,0,1,Legitimate,Legitimate,Not Sure,Legitimate,Phishing,Legitimate,1,1,0,1,1,0,4,Rarely,Sometimes,No / I am not aware of any,Not confident at all,Somewhat helpful,,,
140,2026-07-20 09:23:27,UCC,Undergraduate (Year 3-4),Computing / IT / Engineering,Computing / IT / Engineering,Intermediate (I understand common threats),"Yes, once or twice",0,1,1,1,1,0,No,0,0,0,0,I am not sure,1,0,1,0,1,Legitimate,Legitimate,Phishing,Legitimate,Phishing,Phishing,1,1,1,1,1,1,6,Sometimes,"Yes, always","Yes, through emails or notices only",Somewhat confident,Very helpful,,,
141,2026-07-20 09:25:55,GIMPA,Undergraduate (Year 3-4),Computing / IT / Engineering,Computing / IT / Engineering,Intermediate (I understand common threats),"Yes, many times",1,1,1,1,1,1,No,0,0,0,0,No,1,1,1,0,1,Legitimate,Legitimate,Phishing,Legitimate,Phishing,Phishing,1,1,1,1,1,1,6,Always,I use a password manager,"Yes, formal training sessions",Very confident,Very helpful,,,
142,2026-07-20 09:29:42,UMAT,Undergraduate (Year 3-4),Computing / IT / Engineering,Computing / IT / Engineering,Intermediate (I understand common threats),"Yes, once or twice",0,0,1,0,1,0,No,0,0,0,0,I am not sure,1,0,1,0,1,Legitimate,Legitimate,Phishing,Legitimate,Phishing,Phishing,1,1,1,1,1,1,6,Sometimes,Sometimes,"Yes, through emails or notices only",Somewhat confident,Very helpful,,,
143,2026-07-20 09:39:33,UPSA,Undergraduate (Year 3-4),Business / Social Sciences,Business / Social Sciences,Basic (I have heard of it),"Yes, once or twice",0,0,1,1,0,0,No,0,0,0,0,I am not sure,1,0,0,1,0,Legitimate,Legitimate,Not Sure,Legitimate,Legitimate,Not Sure,1,1,0,1,0,0,3,Rarely,"No, I use the same password",No / I am not aware of any,Not confident at all,Somewhat helpful,,,
144,2026-07-20 09:41:51,UDS-Tamale,Undergraduate (Year 3-4),Health Sciences,Health Sciences,Basic (I have heard of it),"Yes, many times",0,0,1,0,1,0,Yes,1,1,1,0,I am not sure,1,1,1,0,1,Legitimate,Legitimate,Not Sure,Legitimate,Not Sure,Phishing,1,1,0,1,0,1,4,Rarely,"No, I use the same password",No / I am not aware of any,Not very confident,Very helpful,,,
145,2026-07-20 09:47:18,Central University,Undergraduate (Year 3-4),Health Sciences,Health Sciences,Basic (I have heard of it),"Yes, once or twice",0,0,1,0,1,0,No,0,0,0,0,I am not sure,1,0,0,1,0,Legitimate,Legitimate,Phishing,Legitimate,Not Sure,Phishing,1,1,1,1,0,1,5,Rarely,Sometimes,No / I am not aware of any,Somewhat confident,Very helpful,,,
146,2026-07-20 09:50:37,Pentecost University,Undergraduate (Year 3-4),Arts / Humanities,Arts / Humanities,None at all,"Yes, once or twice",0,0,0,1,1,0,No,0,0,0,0,I am not sure,1,0,0,1,0,Legitimate,Legitimate,Not Sure,Legitimate,Phishing,Phishing,1,1,0,1,1,1,5,Never,Sometimes,No / I am not aware of any,Not very confident,Somewhat helpful,,,
147,2026-07-20 09:53:40,UCC,Undergraduate (Year 3-4),Arts / Humanities,Arts / Humanities,Basic (I have heard of it),"Yes, once or twice",0,0,1,0,1,1,Yes,1,1,0,0,I am not sure,1,0,1,0,1,Legitimate,Legitimate,Phishing,Legitimate,Phishing,Phishing,1,1,1,1,1,1,6,Rarely,Sometimes,No / I am not aware of any,Somewhat confident,Very helpful,,,
148,2026-07-20 10:00:37,Ashesi,Undergraduate (Year 1-2),Computing / IT / Engineering,Computing / IT / Engineering,Intermediate (I understand common threats),"Yes, many times",0,0,1,1,0,1,No,0,0,0,0,I am not sure,1,1,1,0,1,Legitimate,Legitimate,Phishing,Legitimate,Phishing,Phishing,1,1,1,1,1,1,6,Always,I use a password manager,"Yes, formal training sessions",Very confident,Very helpful,,,
149,2026-07-20 10:09:46,Wisconsin,Undergraduate (Year 3-4),Computing / IT / Engineering,Computing / IT / Engineering,Intermediate (I understand common threats),"Yes, many times",0,0,1,0,0,1,No,0,0,0,0,I am not sure,1,1,1,0,1,Legitimate,Legitimate,Phishing,Legitimate,Phishing,Phishing,1,1,1,1,1,1,6,Always,I use a password manager,"Yes, formal training sessions",Very confident,Somewhat helpful,,,
150,2026-07-20 10:11:33,Garden City University,Undergraduate (Year 3-4),Health Sciences,Health Sciences,Basic (I have heard of it),"Yes, once or twice",0,0,0,0,1,1,No,0,0,0,0,No,1,0,1,0,1,Legitimate,Legitimate,Phishing,Legitimate,Phishing,Not Sure,1,1,1,1,1,0,5,Rarely,Sometimes,"Yes, through emails or notices only",Not very confident,Somewhat helpful,,,
151,2026-07-20 10:54:32,UCC,Undergraduate (Year 3-4),Arts / Humanities,Arts / Humanities,Basic (I have heard of it),"Yes, many times",0,0,1,1,1,1,No,0,0,0,0,No,1,0,1,0,1,Legitimate,Legitimate,Phishing,Legitimate,Phishing,Phishing,1,1,1,1,1,1,6,Sometimes,Sometimes,No / I am not aware of any,Somewhat confident,Very helpful,JOIN CHANNEL FOR DAILY FREE CORRECT SCORE https://t.me/Huskylight,join Channel for Free Correct Score Odds https://t.me/dailybettingtips22,
152,2026-07-20 10:57:58,UCC,Undergraduate (Year 3-4),Health Sciences,Health Sciences,Basic (I have heard of it),"Yes, many times",0,1,1,1,1,0,No,0,0,0,0,No,1,0,0,1,0,Legitimate,Legitimate,Legitimate,Not Sure,Not Sure,Not Sure,1,1,0,0,0,0,2,Always,Sometimes,"Yes, formal training sessions",Somewhat confident,Very helpful,,,
153,2026-07-20 10:59:21,GIMPA,Undergraduate (Year 1-2),Business / Social Sciences,Business / Social Sciences,Basic (I have heard of it),"Yes, many times",0,1,1,0,1,1,No,0,0,0,0,I am not sure,1,0,0,1,0,Legitimate,Legitimate,Not Sure,Legitimate,Phishing,Phishing,1,1,0,1,1,1,5,Sometimes,Sometimes,"Yes, through emails or notices only",Somewhat confident,Very helpful,"Congratulations on your interview, you have been selected for online work, the salary is 300-1500 cedis per day. Please contact me:wa.me/18048808721","Your profile has caught the attention of our company, and we are contacting you to begin your assignment. Details here:wa.me/16603103291",
154,2026-07-20 11:04:23,Garden City University,Undergraduate (Year 3-4),Health Sciences,Health Sciences,Basic (I have heard of it),"Yes, once or twice",0,0,1,0,1,1,Yes,1,1,0,0,I am not sure,1,0,1,0,1,Legitimate,Legitimate,Phishing,Legitimate,Not Sure,Legitimate,1,1,1,1,0,0,4,Rarely,"No, I use the same password",No / I am not aware of any,Not very confident,Very helpful,Your friend +233598034752 shared this quote with you: Stay open to good surprises.,"Hi, it's can 0598034752 Connect with me on www.linkedin.com/  Sent using MTN ContactXchange",
155,2026-07-20 11:06:51,University of Ghana (UG),Undergraduate (Year 1-2),Arts / Humanities,Arts / Humanities,Basic (I have heard of it),"Yes, once or twice",0,0,0,0,1,1,No,0,0,0,0,I am not sure,1,0,0,1,0,Legitimate,Legitimate,Phishing,Legitimate,Phishing,Phishing,1,1,1,1,1,1,6,Rarely,"No, I use the same password",No / I am not aware of any,Not very confident,Very helpful,JOIN MY CHANNEL FOR FREE MONEY UPDATE https://t.me/Antwismoney,,
156,2026-07-20 11:58:05,UCC,Postgraduate (Msc/MPhil),Business / Social Sciences,Business / Social Sciences,Basic (I have heard of it),"Yes, many times",0,1,1,1,1,0,Yes,1,1,1,0,Yes,1,0,1,0,1,Not Sure,Not Sure,Phishing,Phishing,Phishing,Phishing,0,0,1,0,1,1,3,Sometimes,"Yes, always","Yes, formal training sessions",Somewhat confident,Very helpful,,,
157,2026-07-20 11:59:33,KNUST,Undergraduate (Year 1-2),Health Sciences,Health Sciences,Basic (I have heard of it),"Yes, once or twice",0,0,0,1,1,1,No,0,0,0,0,I am not sure,1,0,0,0,0,Legitimate,Legitimate,Phishing,Legitimate,Phishing,Not Sure,1,1,1,1,1,0,5,Sometimes,Sometimes,No / I am not aware of any,Not very confident,Very helpful,,,
158,2026-07-20 12:40:45,CCTU,Undergraduate (Year 3-4),Health Sciences,Health Sciences,Basic (I have heard of it),"Yes, once or twice",0,0,1,1,1,1,Yes,1,1,1,0,I am not sure,1,0,1,0,1,Legitimate,Legitimate,Not Sure,Legitimate,Legitimate,Phishing,1,1,0,1,0,1,4,Rarely,"No, I use the same password",No / I am not aware of any,Not confident at all,Very helpful,,,
159,2026-07-20 12:42:54,UniMAC,Undergraduate (Year 1-2),Arts / Humanities,Arts / Humanities,Basic (I have heard of it),"Yes, many times",0,0,1,0,1,1,Yes,1,1,0,0,No,1,0,1,0,1,Legitimate,Legitimate,Phishing,Legitimate,Phishing,Not Sure,1,1,1,1,1,0,5,Rarely,Sometimes,No / I am not aware of any,Not confident at all,Somewhat helpful,,,
160,2026-07-20 13:24:03,KNUST,Postgraduate (Msc/MPhil),Health Sciences,Health Sciences,Intermediate (I understand common threats),"Yes, many times",0,1,1,1,1,0,No,0,0,0,0,No,1,0,0,1,0,Legitimate,Legitimate,Not Sure,Not Sure,Not Sure,Not Sure,1,1,0,0,0,0,2,Always,Sometimes,"Yes, through emails or notices only",Very confident,Very helpful,,,
161,2026-07-20 16:37:15,UCC,Undergraduate (Year 1-2),Business / Social Sciences,Business / Social Sciences,Basic (I have heard of it),"Yes, once or twice",0,0,0,0,1,1,No,0,0,0,0,I am not sure,1,0,0,1,0,Legitimate,Legitimate,Phishing,Legitimate,Phishing,Legitimate,1,1,1,1,1,0,5,Rarely,Sometimes,No / I am not aware of any,Not very confident,Somewhat helpful,,,
162,2026-07-20 16:41:57,TTU,Undergraduate (Year 3-4),Arts / Humanities,Arts / Humanities,None at all,"Yes, once or twice",0,0,1,0,1,0,Yes,1,1,1,0,No,1,0,1,0,1,Legitimate,Legitimate,Phishing,Legitimate,Phishing,Legitimate,1,1,1,1,1,0,5,Rarely,Sometimes,No / I am not aware of any,Not very confident,Very helpful,,,
163,2026-07-20 16:46:20,UniMAC,Undergraduate (Year 1-2),Arts / Humanities,Arts / Humanities,Basic (I have heard of it),"Yes, many times",0,0,1,1,0,1,Yes,1,1,0,0,I am not sure,1,0,1,0,1,Legitimate,Legitimate,Phishing,Legitimate,Not Sure,Legitimate,1,1,1,1,0,0,4,Rarely,"No, I use the same password",No / I am not aware of any,Not very confident,Somewhat helpful,,,
164,2026-07-20 16:59:10,UDS-Tamale,Undergraduate (Year 3-4),Health Sciences,Health Sciences,Basic (I have heard of it),"Yes, many times",0,1,1,1,1,1,Yes,1,1,1,0,No,1,1,1,0,1,Legitimate,Legitimate,Phishing,Legitimate,Phishing,Phishing,1,1,1,1,1,1,6,Sometimes,"Yes, always","Yes, through emails or notices only",Somewhat confident,Very helpful,,,
165,2026-07-20 17:39:13,Central University,Undergraduate (Year 3-4),Health Sciences,Health Sciences,Basic (I have heard of it),"Yes, once or twice",1,1,1,1,1,1,No,0,0,0,0,I am not sure,1,1,1,0,1,Legitimate,Legitimate,Phishing,Legitimate,Phishing,Phishing,1,1,1,1,1,1,6,Sometimes,Sometimes,"Yes, through emails or notices only",Somewhat confident,Very helpful,,,
166,2026-07-20 17:51:02,UPSA,Undergraduate (Year 3-4),Business / Social Sciences,Business / Social Sciences,Basic (I have heard of it),"Yes, once or twice",0,0,1,0,1,0,No,0,0,0,0,I am not sure,1,0,1,0,1,Legitimate,Legitimate,Phishing,Legitimate,Phishing,Legitimate,1,1,1,1,1,0,5,Rarely,Sometimes,No / I am not aware of any,Somewhat confident,Very helpful,,,
167,2026-07-20 18:38:13,UCC,Undergraduate (Year 1-2),Health Sciences,Health Sciences,Basic (I have heard of it),"Yes, many times",0,1,0,0,0,0,No,0,0,0,0,No,1,0,1,0,1,Not Sure,Legitimate,Not Sure,Not Sure,Not Sure,Not Sure,0,1,0,0,0,0,1,Sometimes,"Yes, always","Yes, through emails or notices only",Somewhat confident,Very helpful,,,
168,2026-07-20 18:42:22,TTU,Postgraduate (Msc/MPhil),Procurement,Business / Social Sciences,Basic (I have heard of it),"Yes, once or twice",0,0,1,1,1,0,Yes,1,0,1,0,Yes,1,0,0,0,0,Not Sure,Not Sure,Not Sure,Legitimate,Not Sure,Legitimate,0,0,0,1,0,0,1,Never,Sometimes,No / I am not aware of any,Very confident,Very helpful,,,
169,2026-07-20 18:46:05,UEW,Undergraduate (Year 3-4),Business / Social Sciences,Business / Social Sciences,Intermediate (I understand common threats),"Yes, many times",0,1,1,1,0,0,No,0,0,0,0,No,1,0,1,0,1,Not Sure,Phishing,Phishing,Phishing,Phishing,Phishing,0,0,1,0,1,1,3,Always,Sometimes,No / I am not aware of any,Somewhat confident,Very helpful,www.Login.com,https.www.money,www.freedata.com
170,2026-07-20 18:47:04,UCC,Postgraduate (Msc/MPhil),Arts / Humanities,Arts / Humanities,Basic (I have heard of it),"Yes, many times",0,1,1,1,1,1,Yes,1,1,1,0,No,1,1,1,0,1,Legitimate,Legitimate,Phishing,Phishing,Legitimate,Phishing,1,1,1,0,0,1,4,Rarely,Sometimes,No / I am not aware of any,Not very confident,Very helpful,,,
171,2026-07-20 19:02:32,KNUST,Postgraduate (Msc/MPhil),Arts / Humanities,Arts / Humanities,Basic (I have heard of it),"Yes, many times",0,1,1,1,0,1,Yes,1,1,1,0,No,1,0,1,0,1,Legitimate,Legitimate,Phishing,Legitimate,Phishing,Legitimate,1,1,1,1,1,0,5,Rarely,Sometimes,No / I am not aware of any,Not very confident,Very helpful,,,
172,2026-07-20 19:03:14,GIMPA,Postgraduate (Msc/MPhil),Health Sciences,Health Sciences,Basic (I have heard of it),"Yes, many times",0,1,1,1,1,0,No,0,0,0,0,No,1,0,0,1,0,Legitimate,Legitimate,Phishing,Not Sure,Phishing,Phishing,1,1,1,0,1,1,5,Sometimes,"Yes, always",No / I am not aware of any,Not very confident,Very helpful,,,
173,2026-07-20 19:04:57,KNUST,Postgraduate (Msc/MPhil),Health Sciences,Health Sciences,Basic (I have heard of it),"Yes, once or twice",0,1,1,1,1,0,Yes,1,1,0,0,No,1,0,1,0,1,Legitimate,Legitimate,Phishing,Not Sure,Not Sure,Phishing,1,1,1,0,0,1,4,Rarely,Sometimes,No / I am not aware of any,Not very confident,Very helpful,,,
174,2026-07-20 19:06:46,GIMPA,Undergraduate (Year 3-4),Computing / IT / Engineering,Computing / IT / Engineering,Intermediate (I understand common threats),"Yes, many times",0,1,0,0,1,1,Yes,1,1,1,0,I am not sure,1,1,1,0,1,Legitimate,Legitimate,Phishing,Legitimate,Phishing,Not Sure,1,1,1,1,1,0,5,Rarely,"No, I use the same password","Yes, formal training sessions",Somewhat confident,Very helpful,,,
175,2026-07-20 19:15:12,UEW,Undergraduate (Year 3-4),Procurement,Business / Social Sciences,Intermediate (I understand common threats),"Yes, many times",0,0,1,0,1,0,No,0,0,0,0,No,1,0,0,1,1,Legitimate,Legitimate,Legitimate,Legitimate,Legitimate,Legitimate,1,1,0,1,0,0,3,Always,Sometimes,"Yes, formal training sessions",Somewhat confident,Very helpful,,,
176,2026-07-20 19:21:31,UPSA,Postgraduate (Msc/MPhil),Computing / IT / Engineering,Computing / IT / Engineering,Intermediate (I understand common threats),"Yes, many times",1,1,1,1,1,1,Yes,1,1,1,0,Yes,1,1,1,0,1,Legitimate,Legitimate,Phishing,Legitimate,Not Sure,Phishing,1,1,1,1,0,1,5,Always,I use a password manager,"Yes, formal training sessions",Somewhat confident,Very helpful,,,
177,2026-07-20 19:23:33,Central University,Undergraduate (Year 3-4),Health Sciences,Health Sciences,Basic (I have heard of it),"Yes, once or twice",0,1,1,1,1,1,No,0,0,0,0,I am not sure,1,1,1,0,1,Legitimate,Legitimate,Phishing,Legitimate,Phishing,Not Sure,1,1,1,1,1,0,5,Always,Sometimes,"Yes, through emails or notices only",Somewhat confident,Very helpful,,,
178,2026-07-20 19:27:21,UDS-Tamale,Undergraduate (Year 3-4),Business / Social Sciences,Business / Social Sciences,Basic (I have heard of it),"Yes, once or twice",0,1,1,0,1,1,No,0,0,0,0,I am not sure,1,1,1,0,1,Legitimate,Legitimate,Phishing,Legitimate,Phishing,Phishing,1,1,1,1,1,1,6,Sometimes,"No, I use the same password","Yes, through emails or notices only",Somewhat confident,Very helpful,,,
179,2026-07-20 19:30:41,UHAS,Undergraduate (Year 3-4),Health Sciences,Health Sciences,Intermediate (I understand common threats),"Yes, many times",0,0,1,0,1,0,No,0,0,0,0,No,1,0,0,0,0,Legitimate,Not Sure,Phishing,Legitimate,Phishing,Phishing,1,0,1,1,1,1,5,Sometimes,"Yes, always",No / I am not aware of any,Not very confident,Very helpful,,,
180,2026-07-20 19:31:27,UniMAC,Undergraduate (Year 3-4),Arts / Humanities,Arts / Humanities,Basic (I have heard of it),"Yes, once or twice",0,1,1,1,1,0,Yes,1,1,1,0,No,1,1,1,0,1,Legitimate,Legitimate,Phishing,Legitimate,Phishing,Not Sure,1,1,1,1,1,0,5,Sometimes,"Yes, always",No / I am not aware of any,Somewhat confident,Very helpful,,,
181,2026-07-20 19:32:04,UCC,Postgraduate (Msc/MPhil),Education,Business / Social Sciences,None at all,"Yes, once or twice",0,1,1,1,1,0,Yes,1,1,1,0,Yes,1,0,1,0,1,Legitimate,Legitimate,Phishing,Legitimate,Phishing,Phishing,1,1,1,1,1,1,6,Rarely,"No, I use the same password",No / I am not aware of any,Somewhat confident,Very helpful,,,
182,2026-07-20 19:32:46,Garden City University,Undergraduate (Year 3-4),Health Sciences,Health Sciences,None at all,"Yes, once or twice",0,0,1,0,1,0,No,0,0,0,0,I am not sure,1,0,1,0,1,Legitimate,Legitimate,Phishing,Legitimate,Phishing,Phishing,1,1,1,1,1,1,6,Rarely,"No, I use the same password",No / I am not aware of any,Somewhat confident,Very helpful,,,
183,2026-07-20 19:35:05,GIMPA,Postgraduate (Msc/MPhil),Computing / IT / Engineering,Computing / IT / Engineering,Intermediate (I understand common threats),"Yes, many times",1,1,1,1,1,1,No,0,0,0,0,I am not sure,1,1,1,0,1,Legitimate,Legitimate,Phishing,Legitimate,Phishing,Phishing,1,1,1,1,1,1,6,Sometimes,"Yes, always","Yes, formal training sessions",Somewhat confident,Very helpful,,,
184,2026-07-20 19:38:23,UEW,Undergraduate (Year 3-4),Business / Social Sciences,Business / Social Sciences,Basic (I have heard of it),"Yes, many times",0,1,1,1,1,0,No,0,0,0,0,I am not sure,1,0,1,0,1,Legitimate,Legitimate,Phishing,Legitimate,Phishing,Phishing,1,1,1,1,1,1,6,Sometimes,Sometimes,"Yes, through emails or notices only",Somewhat confident,Very helpful,,,
185,2026-07-20 19:40:16,GIMPA,Postgraduate (Msc/MPhil),Business / Social Sciences,Business / Social Sciences,Basic (I have heard of it),"Yes, many times",0,1,1,0,1,0,Yes,1,1,1,0,No,1,0,1,0,1,Legitimate,Legitimate,Phishing,Legitimate,Phishing,Phishing,1,1,1,1,1,1,6,Sometimes,"No, I use the same password",No / I am not aware of any,Not very confident,Very helpful,,,
186,2026-07-20 19:44:48,UEW,Undergraduate (Year 3-4),Arts / Humanities,Arts / Humanities,Basic (I have heard of it),"Yes, many times",0,1,1,1,1,1,Yes,1,0,1,0,No,1,0,1,0,1,Legitimate,Legitimate,Phishing,Legitimate,Phishing,Phishing,1,1,1,1,1,1,6,Sometimes,Sometimes,No / I am not aware of any,Somewhat confident,Very helpful,,,
187,2026-07-20 19:47:02,Wisconsin,Undergraduate (Year 1-2),Computing / IT / Engineering,Computing / IT / Engineering,Intermediate (I understand common threats),"Yes, many times",0,0,1,0,1,1,No,0,0,0,0,No,1,0,1,0,1,Legitimate,Legitimate,Phishing,Legitimate,Phishing,Phishing,1,1,1,1,1,1,6,Always,I use a password manager,"Yes, formal training sessions",Very confident,Very helpful,,,
188,2026-07-20 19:49:40,TTU,Undergraduate (Year 3-4),Arts / Humanities,Arts / Humanities,Basic (I have heard of it),"Yes, many times",0,0,1,1,1,0,No,0,0,0,0,No,1,0,1,0,1,Legitimate,Legitimate,Phishing,Legitimate,Phishing,Phishing,1,1,1,1,1,1,6,Rarely,"No, I use the same password",No / I am not aware of any,Somewhat confident,Very helpful,,,
189,2026-07-20 19:50:55,ATU,Undergraduate (Year 1-2),Business / Social Sciences,Business / Social Sciences,Basic (I have heard of it),"Yes, once or twice",0,0,1,0,1,0,No,0,0,0,0,No,1,0,1,0,1,Legitimate,Legitimate,Phishing,Legitimate,Not Sure,Phishing,1,1,1,1,0,1,5,Rarely,Sometimes,No / I am not aware of any,Not very confident,Very helpful,,,
190,2026-07-20 19:52:05,UMAT,Undergraduate (Year 3-4),Arts / Humanities,Arts / Humanities,Basic (I have heard of it),"Yes, once or twice",0,1,0,1,0,0,No,0,0,0,0,No,1,0,0,0,0,Legitimate,Legitimate,Phishing,Legitimate,Phishing,Phishing,1,1,1,1,1,1,6,Rarely,"No, I use the same password","Yes, through emails or notices only",Not very confident,Very helpful,,,
191,2026-07-20 19:54:28,Ashesi,Undergraduate (Year 1-2),Computing / IT / Engineering,Computing / IT / Engineering,Intermediate (I understand common threats),"Yes, many times",1,1,1,1,1,1,No,0,0,0,0,No,1,1,1,0,1,Legitimate,Legitimate,Phishing,Legitimate,Phishing,Phishing,1,1,1,1,1,1,6,Sometimes,I use a password manager,"Yes, through emails or notices only",Somewhat confident,Very helpful,,,
192,2026-07-20 19:57:57,KNUST,Undergraduate (Year 3-4),Arts / Humanities,Arts / Humanities,Basic (I have heard of it),"Yes, many times",0,0,1,1,1,1,Yes,1,1,1,0,No,1,1,1,0,1,Legitimate,Legitimate,Phishing,Legitimate,Phishing,Phishing,1,1,1,1,1,1,6,Sometimes,"No, I use the same password",No / I am not aware of any,Somewhat confident,Very helpful,,,
193,2026-07-20 20:03:58,UCC,Postgraduate (Msc/MPhil),Arts / Humanities,Arts / Humanities,Basic (I have heard of it),"Yes, once or twice",0,1,0,1,1,1,No,0,0,0,0,I am not sure,1,0,0,0,0,Legitimate,Legitimate,Phishing,Legitimate,Phishing,Phishing,1,1,1,1,1,1,6,Sometimes,Sometimes,"Yes, through emails or notices only",Somewhat confident,Very helpful,,,
194,2026-07-20 20:25:41,University of Ghana (UG),Undergraduate (Year 1-2),Business / Social Sciences,Business / Social Sciences,Basic (I have heard of it),"Yes, many times",0,0,1,1,1,0,Yes,1,1,0,0,No,1,0,0,1,0,Legitimate,Legitimate,Phishing,Legitimate,Phishing,Legitimate,1,1,1,1,1,0,5,Sometimes,"Yes, always","Yes, through emails or notices only",Somewhat confident,Very helpful,,,
195,2026-07-20 20:33:43,University of Ghana (UG),Undergraduate (Year 1-2),Arts / Humanities,Arts / Humanities,Basic (I have heard of it),"Yes, many times",0,1,1,0,1,0,No,0,0,0,0,No,1,0,0,1,0,Legitimate,Legitimate,Not Sure,Phishing,Not Sure,Not Sure,1,1,0,0,0,0,2,Sometimes,Sometimes,No / I am not aware of any,Somewhat confident,Very helpful,,,
196,2026-07-20 22:19:57,UMAT,Undergraduate (Year 3-4),Computing / IT / Engineering,Computing / IT / Engineering,Intermediate (I understand common threats),"Yes, many times",0,1,0,1,1,0,No,0,0,0,0,I am not sure,1,0,1,0,1,Legitimate,Legitimate,Phishing,Legitimate,Phishing,Phishing,1,1,1,1,1,1,6,Sometimes,I use a password manager,"Yes, through emails or notices only",Somewhat confident,Very helpful,"Your investment portfolio has generated GHS 2,400 profit this week! To withdraw, complete your account verification. Limited slots available, act now before registration closes.https://darazz-invest-gh.com/withdraw-profit ",,
197,2026-07-20 22:37:50,UCC,Undergraduate (Year 3-4),Business / Social Sciences,Business / Social Sciences,Intermediate (I understand common threats),"Yes, many times",0,0,1,0,1,0,No,0,0,0,0,No,1,0,1,0,1,Legitimate,Legitimate,Legitimate,Legitimate,Phishing,Phishing,1,1,0,1,1,1,5,Always,Sometimes,No / I am not aware of any,Very confident,Very helpful,,,
198,2026-07-20 23:30:26,Cape Coast Technical University,Undergraduate (Year 3-4),Business / Social Sciences,Business / Social Sciences,Basic (I have heard of it),"Yes, many times",0,1,1,0,1,1,Yes,1,1,0,0,No,1,0,1,0,1,Legitimate,Legitimate,Phishing,Legitimate,Phishing,Phishing,1,1,1,1,1,1,6,Rarely,"No, I use the same password",No / I am not aware of any,Not very confident,Somewhat helpful,,,
199,2026-07-20 23:48:58,Blue Crest College,Undergraduate (Year 1-2),Computing / IT / Engineering,Computing / IT / Engineering,Basic (I have heard of it),"Yes, many times",0,0,1,1,0,1,No,0,0,0,0,I am not sure,1,0,0,1,0,Legitimate,Legitimate,Phishing,Legitimate,Phishing,Phishing,1,1,1,1,1,1,6,Sometimes,I use a password manager,"Yes, through emails or notices only",Somewhat confident,Very helpful,,,
200,2026-07-20 23:59:34,UPSA,Undergraduate (Year 3-4),Business / Social Sciences,Business / Social Sciences,Basic (I have heard of it),"Yes, once or twice",0,0,1,0,1,1,No,0,0,0,0,I am not sure,1,0,0,1,0,Legitimate,Legitimate,Phishing,Legitimate,Phishing,Phishing,1,1,1,1,1,1,6,Sometimes,"No, I use the same password",No / I am not aware of any,Somewhat confident,Very helpful,,,
201,2026-07-21 00:21:30,UCC,Undergraduate (Year 3-4),Health Sciences,Health Sciences,Basic (I have heard of it),"Yes, once or twice",0,1,0,0,1,0,No,0,0,0,0,No,1,0,1,0,1,Legitimate,Legitimate,Phishing,Legitimate,Phishing,Phishing,1,1,1,1,1,1,6,Rarely,"No, I use the same password",No / I am not aware of any,Not very confident,Very helpful,,,
202,2026-07-21 00:29:06,UEW,Undergraduate (Year 1-2),Arts / Humanities,Arts / Humanities,None at all,"Yes, many times",0,1,1,1,1,0,No,0,0,0,0,No,1,0,0,1,0,Legitimate,Legitimate,Phishing,Legitimate,Phishing,Phishing,1,1,1,1,1,1,6,Rarely,Sometimes,"Yes, through emails or notices only",Somewhat confident,Very helpful,,,
203,2026-07-21 03:39:33,UDS-WA,Undergraduate (Year 3-4),Environment and Resource Management,Other (Natural/Applied Sciences),Basic (I have heard of it),"Yes, once or twice",0,0,1,1,1,0,Yes,1,1,1,0,Yes,1,0,1,0,1,Legitimate,Legitimate,Phishing,Legitimate,Phishing,Phishing,1,1,1,1,1,1,6,Sometimes,Sometimes,No / I am not aware of any,Not very confident,Very helpful,,,
204,2026-07-21 05:42:51,KNUST,Postgraduate (Msc/MPhil),Arts / Humanities,Arts / Humanities,Intermediate (I understand common threats),"Yes, many times",0,0,1,0,1,0,No,0,0,0,0,No,1,0,0,1,0,Not Sure,Not Sure,Phishing,Phishing,Phishing,Phishing,0,0,1,0,1,1,3,Always,"Yes, always",No / I am not aware of any,Somewhat confident,Very helpful,,,
205,2026-07-21 09:40:40,KNUST,Undergraduate (Year 3-4),Business / Social Sciences,Business / Social Sciences,Basic (I have heard of it),"Yes, once or twice",0,1,0,0,0,0,Yes,1,0,1,0,Yes,1,1,0,0,1,Phishing,Legitimate,Phishing,Not Sure,Not Sure,Not Sure,0,1,1,0,0,0,2,Sometimes,"Yes, always","Yes, through emails or notices only",Not very confident,Somewhat helpful,,,
206,2026-07-21 10:40:13,Ghana Communication Technology University - GCTU,Undergraduate (Year 3-4),Computing / IT / Engineering,Computing / IT / Engineering,Intermediate (I understand common threats),"Yes, many times",0,0,1,1,1,1,No,0,0,0,0,I am not sure,1,0,1,0,1,Legitimate,Legitimate,Phishing,Legitimate,Phishing,Phishing,1,1,1,1,1,1,6,Sometimes,I use a password manager,"Yes, formal training sessions",Somewhat confident,Very helpful,,,
207,2026-07-21 10:48:33,Winneba University,Undergraduate (Year 3-4),Human Resources Management,Business / Social Sciences,Basic (I have heard of it),"Yes, once or twice",0,0,1,0,1,0,No,0,0,0,0,No,1,0,1,0,1,Phishing,Phishing,Phishing,Phishing,Phishing,Phishing,0,0,1,0,1,1,3,Sometimes,"Yes, always","Yes, through emails or notices only",Somewhat confident,Very helpful,,,
208,2026-07-21 10:49:34,KNUST,Undergraduate (Year 3-4),Computing / IT / Engineering,Computing / IT / Engineering,Advanced (I can protect myself confidently),"Yes, many times",1,0,1,0,1,0,No,0,0,0,0,No,1,0,1,0,1,Phishing,Phishing,Phishing,Phishing,Phishing,Phishing,0,0,1,0,1,1,3,Sometimes,Sometimes,"Yes, formal training sessions",Somewhat confident,Very helpful,,,
209,2026-07-21 10:57:19,UPSA,Undergraduate (Year 3-4),Business / Social Sciences,Business / Social Sciences,Basic (I have heard of it),"Yes, once or twice",0,0,1,0,1,0,No,0,0,0,0,I am not sure,1,0,1,0,1,Legitimate,Legitimate,Phishing,Legitimate,Phishing,Phishing,1,1,1,1,1,1,6,Sometimes,Sometimes,"Yes, through emails or notices only",Somewhat confident,Very helpful,,,
210,2026-07-21 11:35:39,KNUST,Postgraduate (Msc/MPhil),Computing / IT / Engineering,Computing / IT / Engineering,Intermediate (I understand common threats),"Yes, many times",0,1,0,0,0,0,No,0,0,0,0,Yes,1,0,1,0,1,Legitimate,Phishing,Phishing,Legitimate,Phishing,Phishing,1,0,1,1,1,1,5,Rarely,"Yes, always","Yes, formal training sessions",Somewhat confident,Very helpful,,,
211,2026-07-21 11:37:32,University of Ghana (UG),Undergraduate (Year 3-4),Business / Social Sciences,Business / Social Sciences,Basic (I have heard of it),"Yes, once or twice",0,1,0,0,0,0,No,0,0,0,0,No,1,0,0,1,0,Legitimate,Legitimate,Phishing,Legitimate,Phishing,Phishing,1,1,1,1,1,1,6,Sometimes,Sometimes,No / I am not aware of any,Somewhat confident,Very helpful,,,
212,2026-07-21 11:46:59,KNUST,Postgraduate (Msc/MPhil),Computing / IT / Engineering,Computing / IT / Engineering,Advanced (I can protect myself confidently),"Yes, many times",0,1,1,0,1,0,No,0,0,0,0,Yes,1,0,0,1,0,Legitimate,Legitimate,Phishing,Legitimate,Phishing,Phishing,1,1,1,1,1,1,6,Always,I use a password manager,No / I am not aware of any,Very confident,Very helpful,,,
213,2026-07-21 12:37:32,University of Ghana (UG),Undergraduate (Year 3-4),Business / Social Sciences,Business / Social Sciences,Intermediate (I understand common threats),"Yes, once or twice",1,1,1,0,0,0,Yes,1,0,1,0,No,1,1,1,1,1,Legitimate,Legitimate,Phishing,Legitimate,Phishing,Phishing,1,1,1,1,1,1,6,Sometimes,Sometimes,"Yes, through emails or notices only",Somewhat confident,Very helpful, , , 
214,2026-07-21 13:32:02,UCC,Undergraduate (Year 3-4),Health Sciences,Health Sciences,Basic (I have heard of it),"No, never",1,1,0,0,0,0,No,0,0,0,0,No,0,0,0,0,,Legitimate,Phishing,Phishing,Legitimate,Phishing,Phishing,1,0,1,1,1,1,5,Sometimes,Sometimes,"Yes, formal training sessions",Very confident,Very helpful, , , 
215,2026-07-21 13:33:00,KNUST,Undergraduate (Year 1-2),Computing / IT / Engineering,Computing / IT / Engineering,Basic (I have heard of it),I am not sure,0,0,1,0,0,0,Not applicable,0,0,0,0,No,0,0,0,0,,Legitimate,Legitimate,Phishing,Legitimate,Phishing,Phishing,1,1,1,1,1,1,6,Sometimes,Sometimes,"Yes, through emails or notices only",Not very confident,Very helpful, , , 
216,2026-07-21 13:41:51,KNUST,Undergraduate (Year 3-4),Business / Social Sciences,Business / Social Sciences,None at all,"Yes, many times",1,1,1,0,0,0,No,0,0,0,0,No,1,0,0,1,1,Legitimate,Legitimate,Phishing,Legitimate,Phishing,Phishing,1,1,1,1,1,1,6,Rarely,"Yes, always","Yes, through emails or notices only",Somewhat confident,Very helpful, , , 
217,2026-07-21 13:42:41,KNUST,Postgraduate (Msc/MPhil),Business / Social Sciences,Business / Social Sciences,Basic (I have heard of it),"No, never",0,1,0,0,0,0,No,0,0,0,0,No,0,0,0,0,,Legitimate,Legitimate,Phishing,Legitimate,Phishing,Phishing,1,1,1,1,1,1,6,Sometimes,"No, I use the same password",No / I am not aware of any,Somewhat confident,Very helpful, , , 
218,2026-07-21 14:01:26,KNUST,Postgraduate (Msc/MPhil),Health Sciences,Health Sciences,Basic (I have heard of it),"Yes, many times",0,0,1,0,0,0,No,0,0,0,0,No,1,1,1,1,1,Legitimate,Phishing,Phishing,Legitimate,Phishing,Phishing,1,0,1,1,1,1,5,Sometimes,Sometimes,"Yes, through emails or notices only",Somewhat confident,Very helpful, , , 
219,2026-07-21 14:14:00,UCC,Undergraduate (Year 1-2),Business / Social Sciences,Business / Social Sciences,Intermediate (I understand common threats),"Yes, many times",0,1,1,1,1,0,Yes,1,1,1,0,Yes,1,0,1,0,1,Legitimate,Legitimate,Not Sure,Not Sure,Not Sure,Phishing,1,1,0,0,0,1,3,Rarely,"Yes, always",No / I am not aware of any,Not very confident,Very helpful,,,
220,2026-07-21 14:23:43,Takoradi Technical University,Undergraduate (Year 3-4),Civil engineering,Computing / IT / Engineering,Basic (I have heard of it),"No, never",0,0,0,0,0,0,No,0,0,0,0,No,0,0,0,0,,Not Sure,Not Sure,Not Sure,Not Sure,Not Sure,Not Sure,0,0,0,0,0,0,0,Never,"Yes, always",No / I am not aware of any,Very confident,Very helpful,,,
221,2026-07-21 14:31:07,KNUST,Undergraduate (Year 3-4),Health Sciences,Health Sciences,Intermediate (I understand common threats),"Yes, many times",1,0,1,0,0,0,No,0,0,0,0,No,1,1,1,1,1,Phishing,Legitimate,Phishing,Legitimate,Phishing,Phishing,0,1,1,1,1,1,5,Sometimes,Sometimes,No / I am not aware of any,Very confident,Somewhat helpful,,,
222,2026-07-21 14:32:00,University of Ghana (UG),Undergraduate (Year 1-2),Computing / IT / Engineering,Computing / IT / Engineering,Advanced (I can protect myself confidently),"Yes, many times",1,0,0,0,0,0,No,0,0,0,0,No,1,0,0,1,1,Legitimate,Legitimate,Phishing,Phishing,Phishing,Phishing,1,1,1,0,1,1,5,Always,Sometimes,"Yes, through emails or notices only",Very confident,Somewhat helpful,,,
223,2026-07-21 14:32:33,KNUST,Undergraduate (Year 1-2),Computing / IT / Engineering,Computing / IT / Engineering,Intermediate (I understand common threats),"Yes, many times",0,1,1,0,0,0,No,0,0,0,0,I am not sure,1,0,1,0,1,Legitimate,Legitimate,Phishing,Legitimate,Phishing,Phishing,1,1,1,1,1,1,6,Always,Sometimes,No / I am not aware of any,Somewhat confident,Somewhat helpful,,,
224,2026-07-21 14:32:56,UCC,Undergraduate (Year 1-2),Health Sciences,Health Sciences,Intermediate (I understand common threats),"Yes, many times",1,0,1,0,0,0,Yes,1,1,0,0,No,1,0,0,1,0,Legitimate,Legitimate,Phishing,Phishing,Phishing,Phishing,1,1,1,0,1,1,5,Always,Sometimes,No / I am not aware of any,Somewhat confident,Somewhat helpful,,,
225,2026-07-21 14:35:00,KNUST,Undergraduate (Year 3-4),Computing / IT / Engineering,Computing / IT / Engineering,Intermediate (I understand common threats),"Yes, many times",0,0,1,0,0,0,Yes,1,1,0,0,No,1,1,1,1,1,Legitimate,Phishing,Phishing,Legitimate,Phishing,Phishing,1,0,1,1,1,1,5,Sometimes,Sometimes,"Yes, through emails or notices only",Somewhat confident,Very helpful,,,
226,2026-07-21 14:35:30,KNUST,Undergraduate (Year 1-2),Business / Social Sciences,Business / Social Sciences,Basic (I have heard of it),"Yes, many times",0,1,1,0,0,0,No,0,0,0,0,No,1,0,0,1,1,Phishing,Legitimate,Phishing,Legitimate,Phishing,Phishing,0,1,1,1,1,1,5,Sometimes,Sometimes,"Yes, formal training sessions",Not very confident,Very helpful,,,
227,2026-07-21 14:44:26,University of Ghana (UG),Undergraduate (Year 3-4),Computing / IT / Engineering,Computing / IT / Engineering,Basic (I have heard of it),"Yes, many times",1,1,0,0,0,0,No,0,0,0,0,No,1,1,1,0,1,Legitimate,Legitimate,Phishing,Legitimate,Not Sure,Phishing,1,1,1,1,0,1,5,Sometimes,Sometimes,"Yes, through emails or notices only",Somewhat confident,Very helpful,,,
228,2026-07-21 14:44:42,KNUST,Postgraduate (Msc/MPhil),Health Sciences,Health Sciences,Basic (I have heard of it),"Yes, once or twice",0,1,0,0,0,0,Yes,1,0,1,0,Yes,1,0,1,0,1,Legitimate,Legitimate,Phishing,Phishing,Phishing,Phishing,1,1,1,0,1,1,5,Sometimes,"Yes, always",No / I am not aware of any,Very confident,Very helpful,,,
229,2026-07-21 14:44:59,University of Ghana (UG),Postgraduate (Msc/MPhil),Health Sciences,Health Sciences,Intermediate (I understand common threats),"Yes, once or twice",0,1,0,0,0,0,No,0,0,0,0,No,1,1,1,1,1,Legitimate,Legitimate,Phishing,Legitimate,Phishing,Phishing,1,1,1,1,1,1,6,Rarely,Sometimes,"Yes, formal training sessions",Very confident,Very helpful,,,
230,2026-07-21 14:45:50,Ashesi,Undergraduate (Year 3-4),Business / Social Sciences,Business / Social Sciences,Intermediate (I understand common threats),"Yes, once or twice",1,0,1,0,0,0,Not applicable,0,0,0,0,No,1,1,1,1,1,Legitimate,Legitimate,Phishing,Legitimate,Phishing,Phishing,1,1,1,1,1,1,6,Sometimes,"Yes, always",No / I am not aware of any,Somewhat confident,Somewhat helpful,,,
231,2026-07-21 14:46:07,KNUST,Undergraduate (Year 3-4),Computing / IT / Engineering,Computing / IT / Engineering,None at all,"Yes, many times",0,1,1,0,0,0,Not applicable,0,0,0,0,Yes,1,1,1,0,1,Legitimate,Legitimate,Phishing,Legitimate,Phishing,Phishing,1,1,1,1,1,1,6,Sometimes,Sometimes,"Yes, through emails or notices only",Not very confident,Somewhat helpful,,,
232,2026-07-21 14:46:23,Ashesi,Undergraduate (Year 3-4),Business / Social Sciences,Business / Social Sciences,Basic (I have heard of it),"Yes, many times",1,1,1,0,0,0,Yes,1,0,1,0,No,1,0,1,1,1,Legitimate,Legitimate,Phishing,Legitimate,Phishing,Phishing,1,1,1,1,1,1,6,Always,Sometimes,No / I am not aware of any,Not very confident,Very helpful,,,
233,2026-07-21 15:07:55,UCC,Undergraduate (Year 3-4),Business / Social Sciences,Business / Social Sciences,Intermediate (I understand common threats),"Yes, many times",0,1,0,0,0,0,Not applicable,0,0,0,0,No,1,1,1,1,1,Legitimate,Legitimate,Phishing,Legitimate,Phishing,Phishing,1,1,1,1,1,1,6,Always,Sometimes,"Yes, formal training sessions",Very confident,Very helpful,http://mtn-momo-gh-reward.blogspot.com/free-data,https://wa.me/233000000000?text=claim%20student%20grant,https://ug-edu-gh-login.vercel.app/student-verify
234,2026-07-21 15:08:15,KNUST,Undergraduate (Year 3-4),Business / Social Sciences,Business / Social Sciences,None at all,"Yes, once or twice",1,1,1,0,0,0,No,0,0,0,0,I am not sure,1,0,0,1,0,Legitimate,Legitimate,Legitimate,Legitimate,Phishing,Not Sure,1,1,0,1,1,0,4,Sometimes,"Yes, always","Yes, through emails or notices only",Not very confident,Very helpful,https://ucc-fees-clearance.firebaseapp.com/student,https://wa.me/233000000000?text=claim%20student%20grant,http://knust-hostel-allocation.online/check
235,2026-07-21 15:08:34,KNUST,PhD,Business / Social Sciences,Business / Social Sciences,Intermediate (I understand common threats),"Yes, many times",1,1,1,0,0,0,Not applicable,0,0,0,0,No,1,1,0,1,1,Legitimate,Legitimate,Phishing,Legitimate,Phishing,Phishing,1,1,1,1,1,1,6,Sometimes,Sometimes,"Yes, through emails or notices only",Not very confident,Very helpful,http://ug-student-portal-verify.freehostapp.com/login,https://forms.gle/fake-campus-wifi-reset,http://knust-hostel-allocation.online/check
236,2026-07-21 15:52:39,KNUST,Undergraduate (Year 3-4),Computing / IT / Engineering,Computing / IT / Engineering,Intermediate (I understand common threats),"Yes, many times",0,1,1,0,1,0,No,0,0,0,0,Yes,1,0,1,0,1,Legitimate,Legitimate,Phishing,Not Sure,Phishing,Phishing,1,1,1,0,1,1,5,Sometimes,Sometimes,"Yes, through emails or notices only",Somewhat confident,Very helpful,,,
237,2026-07-21 18:55:00,UCC,Postgraduate (Msc/MPhil),Business / Social Sciences,Business / Social Sciences,Basic (I have heard of it),"Yes, once or twice",0,1,1,0,0,0,Yes,1,1,1,0,I am not sure,1,0,0,1,1,Legitimate,Legitimate,Phishing,Legitimate,Phishing,Phishing,1,1,1,1,1,1,6,Sometimes,"No, I use the same password",No / I am not aware of any,Very confident,Very helpful,http://mtn-momo-gh-reward.blogspot.com/free-data,http://ashesi-admissions-confirmation.site/portal,https://ghana-campus-jobs.info/apply-now
238,2026-07-21 19:49:14,UDS,Undergraduate (Year 3-4),Arts / Humanities,Arts / Humanities,Intermediate (I understand common threats),"Yes, many times",0,1,1,1,1,0,Yes,1,1,0,0,Yes,1,0,0,1,0,Legitimate,Legitimate,Not Sure,Phishing,Phishing,Phishing,1,1,0,0,1,1,4,Always,"Yes, always","Yes, formal training sessions",Very confident,Very helpful,,,
239,2026-07-21 20:15:40,University of Ghana (UG),Undergraduate (Year 3-4),Computing / IT / Engineering,Computing / IT / Engineering,Intermediate (I understand common threats),"Yes, once or twice",1,1,0,0,0,0,No,0,0,0,0,No,1,0,1,1,1,Phishing,Legitimate,Phishing,Legitimate,Phishing,Phishing,0,1,1,1,1,1,5,Sometimes,"Yes, always","Yes, formal training sessions",Not very confident,Very helpful,http://mtn-momo-gh-reward.blogspot.com/free-data,https://wa.me/233000000000?text=claim%20student%20grant,https://ug-edu-gh-login.vercel.app/student-verify
240,2026-07-21 20:27:31,KNUST,Undergraduate (Year 3-4),Computing / IT / Engineering,Computing / IT / Engineering,Basic (I have heard of it),"Yes, once or twice",1,1,1,0,0,0,No,0,0,0,0,No,1,0,1,0,1,Legitimate,Phishing,Phishing,Legitimate,Phishing,Phishing,1,0,1,1,1,1,5,Rarely,Sometimes,No / I am not aware of any,Somewhat confident,Very helpful,https://mtn-data-gift.net,https://ecg-refund.live,https://fidelity-secureverify.site
241,2026-07-21 20:27:48,University of Ghana (UG),Undergraduate (Year 1-2),Business / Social Sciences,Business / Social Sciences,Intermediate (I understand common threats),"Yes, once or twice",1,1,1,0,0,0,No,0,0,0,0,No,1,0,0,1,0,Legitimate,Legitimate,Phishing,Legitimate,Phishing,Phishing,1,1,1,1,1,1,6,Always,Sometimes,No / I am not aware of any,Very confident,Not sure,https://mtn-promo-reward.xyz,https://telecel-bonus.live,https://ecobankgh-login.online
242,2026-07-21 20:28:03,UCC,Postgraduate (Msc/MPhil),Computing / IT / Engineering,Computing / IT / Engineering,Intermediate (I understand common threats),"Yes, once or twice",0,1,0,0,0,0,Not applicable,0,0,0,0,No,1,0,1,0,1,Legitimate,Legitimate,Phishing,Legitimate,Phishing,Phishing,1,1,1,1,1,1,6,Sometimes,Sometimes,"Yes, through emails or notices only",Somewhat confident,Very helpful,https://mtnmomo-support.live,https://gwa-payment.live,https://nia-correction-gh.site
243,2026-07-21 20:28:19,KNUST,Undergraduate (Year 1-2),Computing / IT / Engineering,Computing / IT / Engineering,Intermediate (I understand common threats),"Yes, many times",0,0,1,0,0,0,No,0,0,0,0,No,1,0,0,1,1,Legitimate,Legitimate,Phishing,Legitimate,Phishing,Phishing,1,1,1,1,1,1,6,Sometimes,Sometimes,"Yes, formal training sessions",Very confident,Somewhat helpful,https://claim-mtn-data.online,https://ecg-service-alert.info,https://ghanacard-validation.com
244,2026-07-21 20:28:35,KNUST,Undergraduate (Year 3-4),Business / Social Sciences,Business / Social Sciences,Basic (I have heard of it),"Yes, once or twice",0,1,0,0,0,0,Not applicable,0,0,0,0,No,1,0,1,0,1,Legitimate,Phishing,Not Sure,Legitimate,Phishing,Phishing,1,0,0,1,1,1,4,Sometimes,"No, I use the same password","Yes, formal training sessions",Not very confident,Very helpful,https://free-mtn-data-gh.com,https://ecg-disconnection-alert.com,https://republicbankgh-verify.site
245,2026-07-21 20:28:51,University of Ghana (UG),Undergraduate (Year 3-4),Health Sciences,Health Sciences,Advanced (I can protect myself confidently),"Yes, many times",1,1,0,0,0,0,No,0,0,0,0,No,1,1,0,1,1,Legitimate,Legitimate,Phishing,Legitimate,Phishing,Phishing,1,1,1,1,1,1,6,Sometimes,"Yes, always","Yes, formal training sessions",Somewhat confident,Very helpful,https://mtn-gh-rewards.site,https://telecel-cash-login.info,https://stanbicghana-login.live
246,2026-07-21 20:29:08,UCC,Undergraduate (Year 1-2),Business / Social Sciences,Business / Social Sciences,Intermediate (I understand common threats),"Yes, once or twice",1,1,1,0,0,0,Not applicable,0,0,0,0,No,1,1,0,1,1,Legitimate,Legitimate,Phishing,Legitimate,Phishing,Phishing,1,1,1,1,1,1,6,Sometimes,"Yes, always",No / I am not aware of any,Somewhat confident,Very helpful,https://mtnmomo-alerts.com,https://ecg-bill-payment.net,https://nia-fast-update.live
247,2026-07-21 20:29:27,KNUST,Undergraduate (Year 1-2),Business / Social Sciences,Business / Social Sciences,Basic (I have heard of it),"Yes, many times",1,1,1,0,0,0,No,0,0,0,0,No,1,1,1,1,1,Legitimate,Phishing,Phishing,Legitimate,Phishing,Phishing,1,0,1,1,1,1,5,Always,"Yes, always","Yes, formal training sessions",Very confident,Somewhat helpful,https://mtn-bonus-gh.info,https://telecel-reward.site,https://ghanacard-update.com
248,2026-07-21 20:29:42,KNUST,Postgraduate (Msc/MPhil),Health Sciences,Health Sciences,Basic (I have heard of it),"Yes, once or twice",0,1,0,0,0,0,Yes,1,1,1,0,No,1,1,0,0,1,Legitimate,Legitimate,Phishing,Legitimate,Phishing,Phishing,1,1,1,1,1,1,6,Always,Sometimes,"Yes, formal training sessions",Not confident at all,Very helpful,https://mtn-momo-verify.info,https://telecel-security.net,
249,2026-07-21 20:29:58,University of Ghana (UG),Undergraduate (Year 1-2),Arts / Humanities,Arts / Humanities,Basic (I have heard of it),"Yes, once or twice",0,1,1,0,0,0,No,0,0,0,0,No,1,0,0,1,0,Legitimate,Legitimate,Phishing,Legitimate,Phishing,Phishing,1,1,1,1,1,1,6,Sometimes,Sometimes,"Yes, through emails or notices only",Somewhat confident,Very helpful,https://mtn-data-offer.live,https://ecgghana-pay.online,https://gcb-secure-login.com
250,2026-07-21 20:30:14,UCC,Undergraduate (Year 3-4),Computing / IT / Engineering,Computing / IT / Engineering,Basic (I have heard of it),"Yes, once or twice",1,0,1,0,0,0,No,0,0,0,0,I am not sure,1,0,1,0,1,Legitimate,Phishing,Phishing,Legitimate,Phishing,Phishing,1,0,1,1,1,1,5,Sometimes,Sometimes,"Yes, formal training sessions",Somewhat confident,Very helpful,https://mtnmomo-update.co,https://airteltigo-bonus.net,https://accessbankgh-update.net
251,2026-07-21 20:30:31,KNUST,Undergraduate (Year 3-4),Computing / IT / Engineering,Computing / IT / Engineering,Intermediate (I understand common threats),"Yes, many times",0,0,1,0,0,0,No,0,0,0,0,No,1,0,0,1,0,Legitimate,Legitimate,Phishing,Legitimate,Phishing,Phishing,1,1,1,1,1,1,6,Rarely,"No, I use the same password","Yes, formal training sessions",Somewhat confident,Very helpful,https://mtn-momo-ghana-login.net,https://ecg-balance-check.site,https://ghanaid-portal.xyz
252,2026-07-21 20:30:48,KNUST,Postgraduate (Msc/MPhil),Business / Social Sciences,Business / Social Sciences,Intermediate (I understand common threats),"Yes, many times",0,1,0,0,0,0,No,0,0,0,0,No,1,0,1,1,1,Legitimate,Legitimate,Phishing,Legitimate,Phishing,Phishing,1,1,1,1,1,1,6,Always,"Yes, always","Yes, formal training sessions",Somewhat confident,Somewhat helpful,https://mtnmomo-gh.xyz,https://telecelcash-update.xyz,https://verify-ghanacard.net
253,2026-07-21 20:31:05,UCC,Undergraduate (Year 1-2),Computing / IT / Engineering,Computing / IT / Engineering,Intermediate (I understand common threats),"Yes, once or twice",0,1,0,0,0,0,No,0,0,0,0,No,1,0,1,1,1,Legitimate,Legitimate,Legitimate,Legitimate,Phishing,Phishing,1,1,0,1,1,1,5,Rarely,Sometimes,No / I am not aware of any,Somewhat confident,Very helpful,https://mtn-freebundle.site,https://waterbill-ghana.org,https://fidelitybankgh-login.com
254,2026-07-21 20:31:21,KNUST,Undergraduate (Year 1-2),Business / Social Sciences,Business / Social Sciences,Intermediate (I understand common threats),"Yes, once or twice",0,1,1,0,0,0,No,0,0,0,0,No,1,1,1,0,1,Legitimate,Legitimate,Phishing,Legitimate,Phishing,Phishing,1,1,1,1,1,1,6,Sometimes,"Yes, always",No / I am not aware of any,Very confident,Somewhat helpful,https://mtnmomo-bonus.com,https://airteltigo-free-data.com,https://calbank-secure-login.com
255,2026-07-21 20:31:37,University of Ghana (UG),Undergraduate (Year 1-2),Computing / IT / Engineering,Computing / IT / Engineering,Intermediate (I understand common threats),"Yes, many times",1,1,0,0,0,0,Not applicable,0,0,0,0,No,1,0,0,1,0,Legitimate,Legitimate,Phishing,Phishing,Phishing,Phishing,1,1,1,0,1,1,5,Sometimes,"No, I use the same password","Yes, through emails or notices only",Very confident,Very helpful,https://mtn-momo-reward.net,https://ecg-payment-secure.net,https://nia-portal-login.info
256,2026-07-21 20:31:54,University of Ghana (UG),Postgraduate (Msc/MPhil),Computing / IT / Engineering,Computing / IT / Engineering,Advanced (I can protect myself confidently),"Yes, once or twice",1,1,0,0,0,0,Not applicable,0,0,0,0,No,1,1,0,1,1,Legitimate,Legitimate,Phishing,Legitimate,Phishing,Phishing,1,1,1,1,1,1,6,Sometimes,Sometimes,"Yes, through emails or notices only",Not very confident,Very helpful,https://mtnmomo-security.com,https://telecelcash-verify.com,https://ghana-card-security.site
257,2026-07-21 20:32:12,KNUST,Undergraduate (Year 1-2),Health Sciences,Health Sciences,Intermediate (I understand common threats),"Yes, once or twice",1,1,0,0,0,0,Yes,1,1,0,0,No,1,0,1,1,1,Legitimate,Legitimate,Phishing,Legitimate,Phishing,Phishing,1,1,1,1,1,1,6,Sometimes,Sometimes,No / I am not aware of any,Somewhat confident,Very helpful,https://mtn-momo-cashback.live,https://airteltigo-promo.live,https://gcb-onlineverify.net
258,2026-07-21 20:32:29,KNUST,Undergraduate (Year 3-4),Health Sciences,Health Sciences,Intermediate (I understand common threats),"Yes, many times",1,1,1,0,0,0,Yes,1,1,0,0,No,1,1,0,1,1,Legitimate,Legitimate,Phishing,Legitimate,Phishing,Phishing,1,1,1,1,1,1,6,Sometimes,"Yes, always",No / I am not aware of any,Somewhat confident,Somewhat helpful,https://mtnmomo-login.site,https://airteltigo-login.site,https://ghanacard-renewal.net
259,2026-07-21 20:32:46,KNUST,Undergraduate (Year 3-4),Health Sciences,Health Sciences,Intermediate (I understand common threats),"Yes, once or twice",0,1,0,0,0,0,Not applicable,0,0,0,0,I am not sure,1,0,1,0,1,Legitimate,Legitimate,Phishing,Legitimate,Phishing,Phishing,1,1,1,1,1,1,6,Always,"No, I use the same password","Yes, formal training sessions",Very confident,Very helpful,https://mtnmomo-confirm.net,https://ecg-smartmeter-update.com,https://absa-ghana-login.info
260,2026-07-21 20:45:19,KNUST,Undergraduate (Year 1-2),Computing / IT / Engineering,Computing / IT / Engineering,Basic (I have heard of it),"Yes, many times",1,0,0,0,0,0,Yes,1,1,1,0,No,1,1,0,1,1,Legitimate,Legitimate,Phishing,Phishing,Phishing,Phishing,1,1,1,0,1,1,5,Always,"No, I use the same password",No / I am not aware of any,Somewhat confident,Somewhat helpful,https://free-mtn-data-gh.com,https://airteltigo-bonus.net,https://calbank-secure-login.com
261,2026-07-22 02:35:39,University of Ghana (UG),Undergraduate (Year 3-4),Business / Social Sciences,Business / Social Sciences,Basic (I have heard of it),"Yes, many times",0,1,0,0,0,0,No,0,0,0,0,No,1,0,0,1,1,Legitimate,Not Sure,Phishing,Phishing,Phishing,Not Sure,1,0,1,0,1,0,3,Always,Sometimes,"Yes, through emails or notices only",Not very confident,Somewhat helpful,https://quickloan-ghana-approval.net,https://airteltigo-security-check.com,https://ecg-meter-verification.live
262,2026-07-22 02:35:58,University of Ghana (UG),Undergraduate (Year 1-2),Computing / IT / Engineering,Computing / IT / Engineering,Advanced (I can protect myself confidently),"Yes, many times",1,1,0,0,0,0,Yes,1,0,0,1,I am not sure,1,1,0,1,1,Legitimate,Not Sure,Not Sure,Phishing,Not Sure,Not Sure,1,0,0,0,0,0,1,Always,"Yes, always","Yes, formal training sessions",Not very confident,Somewhat helpful,https://claim-your-reward-gh.com,https://airteltigo-wallet-update.xyz,https://ghanaid-security.live
263,2026-07-22 02:36:18,University of Ghana (UG),Undergraduate (Year 1-2),Health Sciences,Health Sciences,None at all,"Yes, once or twice",1,1,1,0,0,0,No,0,0,0,0,I am not sure,1,1,1,1,1,Legitimate,Not Sure,Legitimate,Legitimate,Not Sure,Phishing,1,0,0,1,0,1,3,Always,"Yes, always",No / I am not aware of any,Somewhat confident,Very helpful,https://parcel-fees-gh.site,https://mtn-security-alert.xyz,https://ecg-ghana-services.info
264,2026-07-22 02:36:38,University of Ghana (UG),Undergraduate (Year 3-4),Computing / IT / Engineering,Computing / IT / Engineering,Intermediate (I understand common threats),"Yes, many times",0,1,0,0,0,0,No,0,0,0,0,Yes,1,1,1,0,1,Legitimate,Not Sure,Phishing,Legitimate,Not Sure,Legitimate,1,0,1,1,0,0,3,Sometimes,"Yes, always",No / I am not aware of any,Not very confident,Somewhat helpful,https://customs-clearance-gh.xyz,https://telecel-verification.site,https://ecg-smartpay.xyz
265,2026-07-22 02:36:58,University of Ghana (UG),Postgraduate (Msc/MPhil),Health Sciences,Health Sciences,Intermediate (I understand common threats),"Yes, once or twice",1,1,1,0,0,0,Yes,1,0,0,0,No,1,0,0,1,1,Legitimate,Legitimate,Phishing,Phishing,Legitimate,Phishing,1,1,1,0,0,1,4,Sometimes,"Yes, always","Yes, through emails or notices only",Somewhat confident,Somewhat helpful,https://claim-ghs5000-now.site,https://telecel-bill-payment.live,https://nia-card-activation.live
266,2026-07-22 02:37:16,University of Ghana (UG),Undergraduate (Year 1-2),Computing / IT / Engineering,Computing / IT / Engineering,Basic (I have heard of it),"Yes, many times",1,1,0,0,0,0,No,0,0,0,0,I am not sure,1,0,0,1,1,Legitimate,Not Sure,Not Sure,Phishing,Legitimate,Phishing,1,0,0,0,0,1,2,Sometimes,"Yes, always","Yes, formal training sessions",Not very confident,Very helpful,,https://telecel-data-gift.site,https://ecg-power-restoration.net
267,2026-07-22 02:37:35,University of Ghana (UG),Undergraduate (Year 1-2),Health Sciences,Health Sciences,Basic (I have heard of it),"Yes, once or twice",1,0,1,0,0,0,No,0,0,0,0,No,1,1,1,0,1,Legitimate,Phishing,Not Sure,Legitimate,Not Sure,Not Sure,1,0,0,1,0,0,2,Always,"Yes, always","Yes, through emails or notices only",Not very confident,Not helpful,https://ghana-lottery-winner.com,https://mtn-loyalty-rewards-gh.live,https://ghana-card-online.xyz
268,2026-07-22 02:37:55,KNUST,Undergraduate (Year 3-4),Business / Social Sciences,Business / Social Sciences,Intermediate (I understand common threats),"Yes, once or twice",1,1,1,0,0,0,Not applicable,0,0,0,0,I am not sure,1,0,0,1,1,Legitimate,Legitimate,Not Sure,Not Sure,Not Sure,Phishing,1,1,0,0,0,1,3,Sometimes,"No, I use the same password",No / I am not aware of any,Somewhat confident,Somewhat helpful,https://express-delivery-ghana.info,https://mtn-data-renewal.online,https://ghana-id-confirmation.net
269,2026-07-22 02:38:13,KNUST,Undergraduate (Year 3-4),Business / Social Sciences,Business / Social Sciences,Intermediate (I understand common threats),"Yes, once or twice",1,1,1,0,0,0,Not applicable,0,0,0,0,I am not sure,1,1,0,1,1,Legitimate,Phishing,Not Sure,Legitimate,Not Sure,Not Sure,1,0,0,1,0,0,2,Always,Sometimes,No / I am not aware of any,Not confident at all,Very helpful,https://courier-arrival-gh.net,https://mtnmomo-authenticate.site,https://id-validation-ghana.com
270,2026-07-22 02:38:32,KNUST,Undergraduate (Year 1-2),Business / Social Sciences,Business / Social Sciences,None at all,"Yes, once or twice",1,0,1,0,0,0,No,0,0,0,0,I am not sure,1,1,1,0,1,Legitimate,Not Sure,Phishing,Not Sure,Legitimate,Phishing,1,0,1,0,0,1,3,Always,Sometimes,"Yes, formal training sessions",Somewhat confident,Not sure,https://parcel-tracking-gh.site,https://mtn-account-confirm.net,https://nia-record-update.site
271,2026-07-22 02:38:52,KNUST,Undergraduate (Year 3-4),Business / Social Sciences,Business / Social Sciences,Basic (I have heard of it),"Yes, many times",1,1,0,0,0,0,No,0,0,0,0,Yes,1,0,1,1,1,Legitimate,Not Sure,Not Sure,Not Sure,Not Sure,Not Sure,1,0,0,0,0,0,1,Always,"Yes, always","Yes, formal training sessions",Very confident,Somewhat helpful,https://gh-bonus-claim.xyz,https://mtn-freeairtime.site,https://nationalid-update.info
272,2026-07-22 02:39:10,UCC,Undergraduate (Year 3-4),Computing / IT / Engineering,Computing / IT / Engineering,Intermediate (I understand common threats),"Yes, once or twice",0,1,0,0,0,0,Not applicable,0,0,0,0,I am not sure,1,1,0,0,1,Legitimate,Legitimate,Phishing,Not Sure,Not Sure,Legitimate,1,1,1,0,0,0,3,Sometimes,"Yes, always","Yes, through emails or notices only",Somewhat confident,Very helpful,https://delivery-confirmation-ghana.com,https://telecel-wallet-security.info,https://ecg-online-payments.xyz
273,2026-07-22 02:39:29,University of Ghana (UG),Undergraduate (Year 1-2),Business / Social Sciences,Business / Social Sciences,Intermediate (I understand common threats),"Yes, many times",0,1,0,0,0,0,Not applicable,0,0,0,0,No,1,0,1,1,1,Legitimate,Not Sure,Phishing,Legitimate,Not Sure,Not Sure,1,0,1,1,0,0,3,Sometimes,Sometimes,"Yes, through emails or notices only",Somewhat confident,Not sure,https://fedexghana-parcel.live,https://telecelcash-alert.net,https://ecg-support-portal.com
274,2026-07-22 02:39:49,University of Ghana (UG),Undergraduate (Year 3-4),Business / Social Sciences,Business / Social Sciences,Intermediate (I understand common threats),"Yes, many times",1,0,1,0,0,0,No,0,0,0,0,No,1,1,0,1,1,Legitimate,Legitimate,Not Sure,Not Sure,Not Sure,Phishing,1,1,0,0,0,1,3,Sometimes,"Yes, always","Yes, through emails or notices only",Not very confident,Not sure,https://freecashghana.live,https://mtn-promo-center.live,https://ghana-card-linking.site
275,2026-07-22 02:40:08,UCC,Undergraduate (Year 1-2),Computing / IT / Engineering,Computing / IT / Engineering,Basic (I have heard of it),"Yes, once or twice",0,1,1,0,0,0,Yes,1,0,0,1,No,1,1,0,1,1,Legitimate,Not Sure,Not Sure,Not Sure,Phishing,Not Sure,1,0,0,0,1,0,2,Sometimes,Sometimes,"Yes, through emails or notices only",Not very confident,Very helpful,https://ghana-post-delivery.net,https://mtnbonus-ghana.xyz,https://ecg-invoice-check.net
276,2026-07-22 03:10:39,UCC,Undergraduate (Year 3-4),Computing / IT / Engineering,Computing / IT / Engineering,Intermediate (I understand common threats),"Yes, once or twice",0,1,1,0,0,0,No,0,0,0,0,No,1,1,0,1,1,Legitimate,Phishing,Not Sure,Legitimate,Not Sure,Not Sure,1,0,0,1,0,0,2,Sometimes,"No, I use the same password","Yes, through emails or notices only",Somewhat confident,Very helpful,https://reward-center-ghana.net,https://mtn-customer-reward.info,https://nia-card-renew.xyz
277,2026-07-22 03:11:06,UCC,Postgraduate (Msc/MPhil),Computing / IT / Engineering,Computing / IT / Engineering,Intermediate (I understand common threats),"Yes, many times",1,1,1,0,0,0,Not applicable,0,0,0,0,I am not sure,1,0,1,1,1,Legitimate,Phishing,Phishing,Not Sure,Not Sure,Legitimate,1,0,1,0,0,0,2,Always,Sometimes,No / I am not aware of any,Very confident,Very helpful,https://dhl-ghana-clearance.com,https://telecel-customer-update.com,https://ghanaid-fasttrack.net
278,2026-07-22 03:11:32,KNUST,Undergraduate (Year 3-4),Business / Social Sciences,Business / Social Sciences,None at all,"Yes, many times",0,1,0,0,0,0,No,0,0,0,0,I am not sure,1,1,1,1,1,Legitimate,Not Sure,Not Sure,Legitimate,Phishing,Phishing,1,0,0,1,1,1,4,Always,Sometimes,"Yes, through emails or notices only",Somewhat confident,Somewhat helpful,https://cashgift-ghana.site,https://telecel-rewardcenter.xyz,https://ecg-bill-dispute.site
279,2026-07-22 03:11:59,UCC,Undergraduate (Year 3-4),Business / Social Sciences,Business / Social Sciences,Basic (I have heard of it),"Yes, many times",1,1,1,0,0,0,No,0,0,0,0,I am not sure,1,0,0,0,0,Legitimate,Phishing,Not Sure,Not Sure,Phishing,Not Sure,1,0,0,0,1,0,2,Always,Sometimes,"Yes, through emails or notices only",Very confident,Very helpful,https://speedpost-ghana.live,https://mtnmomo-wallet-update.com,https://ecg-service-center.site
280,2026-07-22 03:12:23,KNUST,Postgraduate (Msc/MPhil),Health Sciences,Health Sciences,Basic (I have heard of it),"Yes, once or twice",0,1,1,0,0,0,No,0,0,0,0,No,1,1,0,0,1,Legitimate,Legitimate,Not Sure,Legitimate,Not Sure,Phishing,1,1,0,1,0,1,4,Sometimes,"Yes, always","Yes, through emails or notices only",Very confident,Not helpful,https://mobilemoney-prize.live,https://telecel-airtime-bonus.live,https://ecg-balance-payment.live
281,2026-07-22 06:38:51,University of Ghana (UG),Undergraduate (Year 3-4),Health Sciences,Health Sciences,Intermediate (I understand common threats),"Yes, many times",0,1,0,0,0,0,No,0,0,0,0,No,1,0,1,1,1,Legitimate,Legitimate,Not Sure,Legitimate,Not Sure,Legitimate,1,1,0,1,0,0,3,Rarely,Sometimes,No / I am not aware of any,Somewhat confident,Not sure,https://freecashghana.live,https://ghana-services-online.com,https://cashout-ghana.live
282,2026-07-22 06:39:10,University of Ghana (UG),Undergraduate (Year 3-4),Business / Social Sciences,Business / Social Sciences,Intermediate (I understand common threats),"Yes, many times",0,1,1,0,0,0,Yes,1,1,1,0,No,1,1,1,0,1,Legitimate,Not Sure,Legitimate,Not Sure,Phishing,Phishing,1,0,0,0,1,1,3,Always,"Yes, always",No / I am not aware of any,Somewhat confident,Very helpful,https://fidelity-mobile-auth.live,https://ecg-online-payments.xyz,https://postoffice-delivery.live
283,2026-07-22 06:39:29,University of Ghana (UG),Undergraduate (Year 3-4),Health Sciences,Health Sciences,Intermediate (I understand common threats),"Yes, many times",0,1,1,0,0,0,No,0,0,0,0,Yes,1,1,1,1,1,Legitimate,Not Sure,Legitimate,Legitimate,Phishing,Legitimate,1,0,0,1,1,0,3,Sometimes,Sometimes,"Yes, formal training sessions",Somewhat confident,Somewhat helpful,https://express-delivery-ghana.info,https://ghanaid-records.xyz,https://customs-duty-payment.site
284,2026-07-22 06:39:46,University of Ghana (UG),Undergraduate (Year 3-4),Health Sciences,Health Sciences,Intermediate (I understand common threats),"Yes, many times",1,1,1,0,0,0,Yes,1,0,1,0,No,1,0,0,1,0,Legitimate,Not Sure,Not Sure,Not Sure,Legitimate,Phishing,1,0,0,0,0,1,2,Sometimes,Sometimes,"Yes, through emails or notices only",Somewhat confident,Not sure,https://absa-security-center.site,https://ecg-bill-dispute.site,https://national-promo-gh.com
285,2026-07-22 06:40:04,UCC,Postgraduate (Msc/MPhil),Computing / IT / Engineering,Computing / IT / Engineering,Intermediate (I understand common threats),"Yes, many times",0,1,1,0,0,0,Yes,1,0,0,0,No,1,1,1,1,1,Legitimate,Phishing,Phishing,Not Sure,Phishing,Phishing,1,0,1,0,1,1,4,Always,Sometimes,"Yes, formal training sessions",Not very confident,Very helpful,https://mtn-promo-center.live,https://absa-secure-banking.live,https://mobile-rewards.live
286,2026-07-22 06:40:22,University of Ghana (UG),Postgraduate (Msc/MPhil),Business / Social Sciences,Business / Social Sciences,Intermediate (I understand common threats),"Yes, once or twice",0,0,1,0,0,0,No,0,0,0,0,I am not sure,1,0,1,1,1,Legitimate,Not Sure,Legitimate,Not Sure,Phishing,Not Sure,1,0,0,0,1,0,2,Always,Sometimes,No / I am not aware of any,Not very confident,Somewhat helpful,https://reward-center-ghana.net,https://ashesi-registration.net,https://bonus-campaign.site
287,2026-07-22 06:40:42,KNUST,Undergraduate (Year 1-2),Arts / Humanities,Arts / Humanities,Advanced (I can protect myself confidently),"Yes, many times",1,0,1,0,0,0,No,0,0,0,0,I am not sure,1,1,1,1,1,Legitimate,Phishing,Not Sure,Phishing,Not Sure,Legitimate,1,0,0,0,0,0,1,Sometimes,Sometimes,"Yes, through emails or notices only",Somewhat confident,Very helpful,https://airteltigo-number-update.live,https://ghana-card-linking.site,https://reward-notification.net
288,2026-07-22 06:41:01,University of Ghana (UG),Undergraduate (Year 1-2),Computing / IT / Engineering,Computing / IT / Engineering,Basic (I have heard of it),"Yes, once or twice",1,1,0,0,0,0,Not applicable,0,0,0,0,I am not sure,1,1,1,0,1,Legitimate,Phishing,Not Sure,Legitimate,Legitimate,Not Sure,1,0,0,1,0,0,2,Always,"No, I use the same password","Yes, through emails or notices only",Not confident at all,Very helpful,https://mtnmomo-wallet-update.com,https://ecg-meter-verification.live,https://facebook-security-ghana.site
289,2026-07-22 06:41:19,University of Ghana (UG),Undergraduate (Year 3-4),Arts / Humanities,Arts / Humanities,None at all,"Yes, many times",0,0,1,0,0,0,Not applicable,0,0,0,0,I am not sure,1,0,0,0,1,Legitimate,Legitimate,Not Sure,Phishing,Not Sure,Not Sure,1,1,0,0,0,0,2,Sometimes,Sometimes,"Yes, through emails or notices only",Somewhat confident,Somewhat helpful,https://mobilemoney-prize.live,https://id-card-confirmation.net,https://parcel-redelivery.live
290,2026-07-22 06:41:37,UCC,Postgraduate (Msc/MPhil),Business / Social Sciences,Business / Social Sciences,Basic (I have heard of it),"Yes, many times",0,1,1,0,0,0,No,0,0,0,0,Yes,1,0,1,1,1,Legitimate,Legitimate,Legitimate,Phishing,Not Sure,Phishing,1,1,0,0,0,1,3,Always,"Yes, always","Yes, through emails or notices only",Not very confident,Not sure,https://airteltigo-security-check.com,https://egov-payment.xyz,https://ghana-giveaway.xyz
291,2026-07-22 06:41:56,University of Ghana (UG),Undergraduate (Year 1-2),Health Sciences,Health Sciences,Basic (I have heard of it),"Yes, many times",0,1,1,0,0,0,No,0,0,0,0,I am not sure,1,0,1,1,1,Not Sure,Phishing,Not Sure,Phishing,Phishing,Phishing,0,0,0,0,1,1,2,Sometimes,Sometimes,No / I am not aware of any,Somewhat confident,Somewhat helpful,https://mtn-freeairtime.site,https://govportal-security.net,https://courier-fee-payment.xyz
292,2026-07-22 06:42:14,University of Ghana (UG),Undergraduate (Year 3-4),Computing / IT / Engineering,Computing / IT / Engineering,Intermediate (I understand common threats),"Yes, many times",1,0,0,0,0,0,Not applicable,0,0,0,0,No,1,1,0,1,1,Legitimate,Not Sure,Phishing,Not Sure,Not Sure,Legitimate,1,0,1,0,0,0,2,Sometimes,"No, I use the same password",No / I am not aware of any,Somewhat confident,Not sure,https://customs-clearance-gh.xyz,https://nia-authentication.site,https://academiccity-update.com
293,2026-07-22 06:42:32,KNUST,Undergraduate (Year 1-2),Business / Social Sciences,Business / Social Sciences,Basic (I have heard of it),"Yes, once or twice",0,1,1,0,0,0,No,0,0,0,0,I am not sure,1,0,0,1,0,Legitimate,Not Sure,Not Sure,Not Sure,Phishing,Not Sure,1,0,0,0,1,0,2,Rarely,Sometimes,No / I am not aware of any,Somewhat confident,Very helpful,https://telecel-rewardcenter.xyz,https://gra-online-services.live,https://track-my-parcel.net
294,2026-07-22 06:42:50,KNUST,Postgraduate (Msc/MPhil),Business / Social Sciences,Business / Social Sciences,Intermediate (I understand common threats),"Yes, many times",0,1,0,0,0,0,No,0,0,0,0,Yes,1,1,0,1,1,Legitimate,Not Sure,Phishing,Not Sure,Legitimate,Not Sure,1,0,1,0,0,0,2,Sometimes,Sometimes,"Yes, formal training sessions",Somewhat confident,Not helpful,https://mtn-account-confirm.net,https://ucc-student-email.net,https://parcel-status.xyz
295,2026-07-22 06:43:07,KNUST,Postgraduate (Msc/MPhil),Health Sciences,Health Sciences,Intermediate (I understand common threats),"Yes, many times",0,0,1,0,0,0,No,0,0,0,0,No,1,0,1,0,1,Legitimate,Legitimate,Phishing,Legitimate,Phishing,Phishing,1,1,1,1,1,1,6,Sometimes,"Yes, always",No / I am not aware of any,Not very confident,Very helpful,,,
296,2026-07-22 06:43:08,University of Ghana (UG),Undergraduate (Year 1-2),Business / Social Sciences,Business / Social Sciences,Intermediate (I understand common threats),"Yes, many times",1,1,0,0,0,0,No,0,0,0,0,I am not sure,1,1,1,0,1,Legitimate,Phishing,Not Sure,Phishing,Not Sure,Legitimate,1,0,0,0,0,0,1,Sometimes,"Yes, always",No / I am not aware of any,Somewhat confident,Not sure,https://telecel-wallet-security.info,https://ghana-gov-auth.site,https://icloud-security-alert.live
297,2026-07-22 06:43:25,University of Ghana (UG),Undergraduate (Year 3-4),Business / Social Sciences,Business / Social Sciences,Basic (I have heard of it),"Yes, many times",0,1,1,0,0,0,No,0,0,0,0,I am not sure,1,0,0,1,0,Legitimate,Legitimate,Phishing,Not Sure,Not Sure,Legitimate,1,1,1,0,0,0,3,Rarely,"Yes, always",No / I am not aware of any,Not very confident,Very helpful,https://telecel-customer-update.com,https://umb-login-update.net,https://netflix-payment-update.net
298,2026-07-22 06:43:43,Ashesi,Undergraduate (Year 3-4),Business / Social Sciences,Business / Social Sciences,Advanced (I can protect myself confidently),"Yes, once or twice",1,0,1,0,0,0,No,0,0,0,0,No,1,1,0,0,1,Legitimate,Phishing,Not Sure,Phishing,Not Sure,Phishing,1,0,0,0,0,1,2,Always,"Yes, always","Yes, formal training sessions",Somewhat confident,Not sure,https://accessbank-login-center.xyz,https://ktu-portal.live,https://gmail-storage-update.net
299,2026-07-22 06:44:05,KNUST,Undergraduate (Year 1-2),Computing / IT / Engineering,Computing / IT / Engineering,Intermediate (I understand common threats),"Yes, many times",1,1,1,0,0,0,No,0,0,0,0,Yes,1,1,1,1,1,Legitimate,Not Sure,Not Sure,Not Sure,Not Sure,Phishing,1,0,0,0,0,1,2,Sometimes,I use a password manager,"Yes, formal training sessions",Somewhat confident,Very helpful,https://gcb-customer-update.xyz,https://ecg-smartpay.xyz,https://dhl-customs-clearance.info
300,2026-07-22 06:44:22,KNUST,Undergraduate (Year 1-2),Arts / Humanities,Arts / Humanities,Intermediate (I understand common threats),"Yes, many times",0,1,0,0,0,0,No,0,0,0,0,No,1,0,0,1,0,Legitimate,Not Sure,Not Sure,Legitimate,Not Sure,Phishing,1,0,0,1,0,1,3,Always,"Yes, always","Yes, through emails or notices only",Not very confident,Not sure,https://mtn-loyalty-rewards-gh.live,https://id-validation-ghana.com,https://speedaf-delivery.net
301,2026-07-22 06:44:39,University of Ghana (UG),Undergraduate (Year 3-4),Business / Social Sciences,Business / Social Sciences,Basic (I have heard of it),"Yes, once or twice",0,1,1,0,0,0,Not applicable,0,0,0,0,I am not sure,1,0,0,0,1,Legitimate,Not Sure,Phishing,Phishing,Not Sure,Phishing,1,0,1,0,0,1,3,Sometimes,"Yes, always","Yes, formal training sessions",Somewhat confident,Not helpful,https://airteltigo-wallet-update.xyz,https://ecobank-mobileverify.xyz,https://microloan-approval.xyz
302,2026-07-22 14:37:05,University of Ghana (UG),Undergraduate (Year 3-4),Business / Social Sciences,Business / Social Sciences,Basic (I have heard of it),"Yes, many times",0,1,1,0,0,0,No,0,0,0,0,I am not sure,1,0,1,1,1,Phishing,Not Sure,Not Sure,Not Sure,Not Sure,Not Sure,0,0,0,0,0,0,0,Sometimes,Sometimes,"Yes, formal training sessions",Somewhat confident,Very helpful,https://telecel-sim-update.site,https://ghana-gov-auth.site,https://umat-registration.live
303,2026-07-22 14:37:31,University of Ghana (UG),Undergraduate (Year 1-2),Computing / IT / Engineering,Computing / IT / Engineering,Basic (I have heard of it),"Yes, once or twice",1,1,1,0,0,0,No,0,0,0,0,I am not sure,1,1,0,0,1,Legitimate,Not Sure,Not Sure,Legitimate,Phishing,Not Sure,1,0,0,1,1,0,3,Always,"No, I use the same password","Yes, through emails or notices only",Not very confident,Very helpful,https://mtn-reactivation.net,https://prudentialbank-auth.com,https://office365-ghana-login.info
304,2026-07-22 14:37:53,University of Ghana (UG),Undergraduate (Year 3-4),Health Sciences,Health Sciences,Basic (I have heard of it),"Yes, many times",0,0,1,0,0,0,No,0,0,0,0,I am not sure,1,0,0,1,0,Legitimate,Phishing,Phishing,Legitimate,Not Sure,Not Sure,1,0,1,1,0,0,3,Sometimes,"No, I use the same password","Yes, through emails or notices only",Somewhat confident,Very helpful,https://cashgift-ghana.site,https://ssnit-member-update.xyz,https://cashout-ghana.live
305,2026-07-22 14:38:16,University of Ghana (UG),Postgraduate (Msc/MPhil),Computing / IT / Engineering,Computing / IT / Engineering,Intermediate (I understand common threats),"Yes, many times",1,1,0,0,0,0,Not applicable,0,0,0,0,I am not sure,1,0,0,1,0,Legitimate,Not Sure,Not Sure,Not Sure,Phishing,Phishing,1,0,0,0,1,1,3,Always,Sometimes,"Yes, through emails or notices only",Not very confident,Very helpful,https://customs-clearance-gh.xyz,https://ecobank-mobileverify.xyz,https://track-my-parcel.net
306,2026-07-22 14:38:38,KNUST,Undergraduate (Year 1-2),Health Sciences,Health Sciences,Basic (I have heard of it),"Yes, once or twice",1,1,0,0,0,0,Yes,1,1,0,0,No,1,0,1,1,1,Legitimate,Not Sure,Legitimate,Legitimate,Not Sure,Not Sure,1,0,0,1,0,0,2,Always,"No, I use the same password",No / I am not aware of any,Somewhat confident,Somewhat helpful,https://mtn-loyalty-rewards-gh.live,https://egov-payment.xyz,https://gimpa-portal.xyz
307,2026-07-22 14:39:01,KNUST,Undergraduate (Year 1-2),Health Sciences,Health Sciences,Basic (I have heard of it),"Yes, once or twice",1,0,0,0,0,0,No,0,0,0,0,No,1,0,0,1,0,Legitimate,Legitimate,Not Sure,Not Sure,Not Sure,Phishing,1,1,0,0,0,1,3,Sometimes,Sometimes,"Yes, through emails or notices only",Very confident,Not helpful,https://claim-ghs5000-now.site,https://dvla-driver-update.live,https://quickcash-ghana.live
308,2026-07-22 14:39:24,University of Ghana (UG),Undergraduate (Year 3-4),Business / Social Sciences,Business / Social Sciences,Basic (I have heard of it),"Yes, once or twice",0,1,0,0,0,0,No,0,0,0,0,No,1,1,1,0,1,Legitimate,Not Sure,Legitimate,Not Sure,Not Sure,Not Sure,1,0,0,0,0,0,1,Sometimes,Sometimes,"Yes, through emails or notices only",Not very confident,Somewhat helpful,https://telecel-customer-update.com,https://ashesi-registration.net,https://reward-notification.net
309,2026-07-22 14:39:47,KNUST,Undergraduate (Year 1-2),Business / Social Sciences,Business / Social Sciences,Intermediate (I understand common threats),"Yes, once or twice",0,1,0,0,0,0,No,0,0,0,0,No,1,1,0,1,1,Phishing,Not Sure,Not Sure,Phishing,Not Sure,Phishing,0,0,0,0,0,1,1,Sometimes,"Yes, always","Yes, through emails or notices only",Not very confident,Somewhat helpful,https://mtn-data-renewal.online,https://ecg-support-portal.com,https://speedaf-delivery.net
310,2026-07-22 14:40:10,KNUST,Undergraduate (Year 1-2),Business / Social Sciences,Business / Social Sciences,Intermediate (I understand common threats),"Yes, once or twice",1,1,0,0,0,0,No,0,0,0,0,I am not sure,1,1,0,0,1,Legitimate,Phishing,Not Sure,Not Sure,Not Sure,Not Sure,1,0,0,0,0,0,1,Sometimes,"Yes, always","Yes, through emails or notices only",Very confident,Very helpful,https://fidelity-mobile-auth.live,https://ghana-card-online.xyz,https://promo-redemption.site
311,2026-07-22 14:40:35,University of Ghana (UG),Undergraduate (Year 3-4),Computing / IT / Engineering,Computing / IT / Engineering,Intermediate (I understand common threats),"Yes, once or twice",1,1,1,0,0,0,No,0,0,0,0,No,1,0,0,0,1,Legitimate,Phishing,Phishing,Phishing,Not Sure,Not Sure,1,0,1,0,0,0,2,Sometimes,Sometimes,No / I am not aware of any,Not very confident,Very helpful,https://courier-arrival-gh.net,https://ug-course-registration.live,https://mobile-rewards.live
312,2026-07-22 14:40:57,University of Ghana (UG),Undergraduate (Year 3-4),Health Sciences,Health Sciences,Intermediate (I understand common threats),"Yes, once or twice",1,1,1,0,0,0,No,0,0,0,0,I am not sure,1,0,0,1,1,Legitimate,Not Sure,Not Sure,Not Sure,Not Sure,Not Sure,1,0,0,0,0,0,1,Sometimes,Sometimes,"Yes, through emails or notices only",Not confident at all,Not sure,https://mtnbonus-ghana.xyz,https://gcb-banking-update.net,https://fedex-ghana-alert.live
313,2026-07-22 14:41:19,University of Ghana (UG),Undergraduate (Year 1-2),Business / Social Sciences,Business / Social Sciences,Basic (I have heard of it),"Yes, many times",0,1,0,0,0,0,Yes,1,0,0,1,No,1,0,1,0,1,Legitimate,Phishing,Phishing,Not Sure,Phishing,Not Sure,1,0,1,0,1,0,3,Always,"Yes, always","Yes, formal training sessions",Not confident at all,Somewhat helpful,https://instantloan-gh.xyz,https://ghanaid-fasttrack.net,https://courier-fee-payment.xyz
314,2026-07-22 14:41:44,UCC,Undergraduate (Year 3-4),Arts / Humanities,Arts / Humanities,Basic (I have heard of it),"Yes, once or twice",0,1,0,0,0,0,Yes,1,0,0,1,Yes,1,1,1,0,1,Legitimate,Not Sure,Phishing,Not Sure,Phishing,Phishing,1,0,1,0,1,1,4,Sometimes,Sometimes,"Yes, formal training sessions",Not confident at all,Not helpful,https://mobilemoney-prize.live,https://ecg-bill-dispute.site,https://instagram-support-gh.xyz
315,2026-07-22 14:42:09,UCC,Undergraduate (Year 3-4),Business / Social Sciences,Business / Social Sciences,Intermediate (I understand common threats),"Yes, many times",0,0,1,0,0,0,No,0,0,0,0,No,1,1,1,1,1,Legitimate,Not Sure,Phishing,Phishing,Not Sure,Phishing,1,0,1,0,0,1,3,Sometimes,"No, I use the same password",No / I am not aware of any,Somewhat confident,Not sure,https://airteltigo-wallet-update.xyz,https://ghanaid-security.live,https://customs-duty-payment.site
316,2026-07-22 14:42:35,KNUST,PhD,Computing / IT / Engineering,Computing / IT / Engineering,Intermediate (I understand common threats),"Yes, many times",1,0,0,0,0,0,No,0,0,0,0,No,1,0,0,1,1,Legitimate,Not Sure,Legitimate,Phishing,Legitimate,Not Sure,1,0,0,0,0,0,1,Sometimes,Sometimes,"Yes, formal training sessions",Very confident,Not helpful,https://bank-alert-ghana.site,https://ug-email-reset.site,https://instantcash-ghana.net
317,2026-07-22 14:43:02,KNUST,Undergraduate (Year 3-4),Business / Social Sciences,Business / Social Sciences,Basic (I have heard of it),"Yes, many times",1,1,1,0,0,0,Not applicable,0,0,0,0,I am not sure,1,1,1,0,1,Legitimate,Phishing,Legitimate,Legitimate,Phishing,Not Sure,1,0,0,1,1,0,3,Sometimes,"Yes, always","Yes, through emails or notices only",Somewhat confident,Very helpful,https://gh-bonus-claim.xyz,https://ghana-card-linking.site,https://ghana-post-parcel.live
318,2026-07-22 14:43:27,University of Ghana (UG),Undergraduate (Year 1-2),Business / Social Sciences,Business / Social Sciences,Advanced (I can protect myself confidently),"Yes, many times",1,1,1,0,0,0,No,0,0,0,0,I am not sure,1,0,1,0,1,Legitimate,Not Sure,Phishing,Phishing,Not Sure,Not Sure,1,0,1,0,0,0,2,Always,"No, I use the same password","Yes, through emails or notices only",Not very confident,Somewhat helpful,https://express-delivery-ghana.info,https://ecg-meter-verification.live,https://postoffice-delivery.live
319,2026-07-22 14:43:50,University of Ghana (UG),Undergraduate (Year 3-4),Health Sciences,Health Sciences,Intermediate (I understand common threats),"Yes, once or twice",0,1,0,0,0,0,No,0,0,0,0,I am not sure,1,0,1,1,1,Legitimate,Not Sure,Phishing,Phishing,Not Sure,Not Sure,1,0,1,0,0,0,2,Always,Sometimes,"Yes, through emails or notices only",Not very confident,Not sure,https://telecel-rewardcenter.xyz,https://govportal-security.net,https://upsa-results-update.info
320,2026-07-22 14:44:16,UCC,Postgraduate (Msc/MPhil),Business / Social Sciences,Business / Social Sciences,Basic (I have heard of it),"Yes, many times",1,1,1,0,0,0,No,0,0,0,0,No,1,1,0,0,1,Legitimate,Not Sure,Not Sure,Phishing,Not Sure,Not Sure,1,0,0,0,0,0,1,Always,"No, I use the same password","Yes, formal training sessions",Not very confident,Somewhat helpful,https://mtn-sim-update.site,https://absa-secure-banking.live,https://ghana-giveaway.xyz
321,2026-07-22 14:44:39,KNUST,Postgraduate (Msc/MPhil),Business / Social Sciences,Business / Social Sciences,Advanced (I can protect myself confidently),"Yes, once or twice",0,0,1,0,0,0,No,0,0,0,0,I am not sure,1,0,0,1,1,Legitimate,Legitimate,Phishing,Not Sure,Not Sure,Legitimate,1,1,1,0,0,0,3,Sometimes,"No, I use the same password","Yes, through emails or notices only",Somewhat confident,Very helpful,https://telecel-wallet-security.info,https://ecg-smartpay.xyz,https://appleid-confirmation.com
322,2026-07-22 17:21:13,University of Ghana (UG),Postgraduate (Msc/MPhil),Consumer science,Other (Natural/Applied Sciences),Basic (I have heard of it),"Yes, many times",0,0,0,1,0,0,No,0,0,0,0,No,1,0,0,1,0,Legitimate,Not Sure,Not Sure,Not Sure,Not Sure,Not Sure,1,0,0,0,0,0,1,Never,Sometimes,"Yes, through emails or notices only",Not very confident,Not sure,,,
323,2026-07-22 23:52:52,Sunyani Technical University,Undergraduate (Year 1-2),Computing / IT / Engineering,Computing / IT / Engineering,None at all,"Yes, once or twice",0,0,1,0,1,0,Yes,1,1,0,0,No,1,0,0,1,0,Legitimate,Legitimate,Legitimate,Not Sure,Not Sure,Not Sure,1,1,0,0,0,0,2,Always,Sometimes,No / I am not aware of any,Not very confident,Very helpful,,,
324,2026-07-23 17:09:09,KNUST,Postgraduate (Msc/MPhil),Finance,Business / Social Sciences,Intermediate (I understand common threats),"Yes, many times",0,1,1,0,1,0,No,0,0,0,0,No,1,0,0,0,0,Legitimate,Legitimate,Phishing,Legitimate,Phishing,Phishing,1,1,1,1,1,1,6,Always,"Yes, always",No / I am not aware of any,Very confident,Somewhat helpful,,,
325,2026-07-23 17:57:28,CU,Undergraduate (Year 3-4),BSC in nursing,Health Sciences,Basic (I have heard of it),"No, never",0,0,0,0,0,0,No,0,0,0,0,No,0,0,0,0,,Legitimate,Legitimate,Not Sure,Not Sure,Phishing,Phishing,1,1,0,0,1,1,4,Sometimes,"No, I use the same password",No / I am not aware of any,Somewhat confident,Very helpful,,,
326,2026-07-24 09:31:57,"UNIVERSITY OF PROFESSIONAL STUDIES, ACCRA",Undergraduate (Year 3-4),Business / Social Sciences,Business / Social Sciences,Intermediate (I understand common threats),"Yes, once or twice",0,1,0,0,0,0,No,0,0,0,0,No,1,0,1,0,1,Phishing,Phishing,Phishing,Phishing,Not Sure,Not Sure,0,0,1,0,0,0,1,Rarely,Sometimes,"Yes, through emails or notices only",Somewhat confident,Very helpful,,,
327,2026-07-24 14:24:49,University of Ghana (UG),Postgraduate (Msc/MPhil),Computing / IT / Engineering,Computing / IT / Engineering,Intermediate (I understand common threats),"Yes, many times",0,1,1,0,1,0,No,0,0,0,0,No,1,0,0,0,0,Legitimate,Legitimate,Not Sure,Not Sure,Phishing,Phishing,1,1,0,0,1,1,4,Always,"Yes, always","Yes, through emails or notices only",Somewhat confident,Very helpful,,,